策略,股票代號,股票名稱,總交易,成功交易,失敗與低品質,淨損益,報酬率,前三大失敗模式
MACD修改版,2303,聯電,17,8,9,33234.249725,0.33234249725000004,有明顯浮盈但吐回大部分獲利(5)；一般技術訊號出場(5)；固定停損出場(4)
MACD修改版,2330,台積電,15,3,12,-93.75600000000031,-0.0009375600000000031,一般技術訊號出場(12)；進場後幾乎沒有有效浮盈(6)；進場太晚，可能接近短期高點(4)
MACD修改版,2881,富邦金,10,5,5,4530.249235000005,0.04530249235000005,一般技術訊號出場(5)；進場後幾乎沒有有效浮盈(3)；有明顯浮盈但吐回大部分獲利(2)
MACD修改版,2882,國泰金,16,3,13,-2062.4945125000004,-0.020624945125000002,一般技術訊號出場(12)；進場後幾乎沒有有效浮盈(7)；有明顯浮盈但吐回大部分獲利(4)
MACD修改版,2412,中華電,21,1,20,-10688.570925,-0.10688570925,一般技術訊號出場(20)；進場後幾乎沒有有效浮盈(18)；盤整行情造成的假訊號(14)
MACD修改版,2002,中鋼,7,1,6,-1139.58375,-0.0113958375,一般技術訊號出場(6)；進場後幾乎沒有有效浮盈(3)；有明顯浮盈但吐回大部分獲利(2)
三指標多數決修改版,2303,聯電,14,7,7,44799.886075,0.44799886075,一般技術訊號出場(5)；有明顯浮盈但吐回大部分獲利(4)；價差為正但被成本轉成淨虧損(2)
三指標多數決修改版,2330,台積電,22,4,18,-7670.852,-0.07670852,一般技術訊號出場(18)；進場後幾乎沒有有效浮盈(11)；盤整行情造成的假訊號(3)
三指標多數決修改版,2881,富邦金,17,5,12,-144.853312499994,-0.00144853312499994,一般技術訊號出場(12)；進場後幾乎沒有有效浮盈(7)；有明顯浮盈但吐回大部分獲利(4)
三指標多數決修改版,2882,國泰金,20,4,16,4122.024649999999,0.041220246499999995,一般技術訊號出場(16)；進場後幾乎沒有有效浮盈(7)；有明顯浮盈但吐回大部分獲利(6)
三指標多數決修改版,2412,中華電,17,1,16,-7884.8422125,-0.078848422125,一般技術訊號出場(16)；盤整行情造成的假訊號(12)；進場後幾乎沒有有效浮盈(11)
三指標多數決修改版,2002,中鋼,9,0,9,-1542.8112500000002,-0.015428112500000002,一般技術訊號出場(9)；進場後幾乎沒有有效浮盈(3)；盤整行情造成的假訊號(3)
