split,stock_code,start,end,kbar_rows,first_timestamp,last_timestamp,available
train,2303,2023-01-01,2024-12-31,26453,1672707600,1735623000,True
train,2330,2023-01-01,2024-12-31,26453,1672707600,1735623000,True
train,2412,2023-01-01,2024-12-31,26451,1672707600,1735623000,True
train,2881,2023-01-01,2024-12-31,26452,1672707600,1735623000,True
train,2882,2023-01-01,2024-12-31,26452,1672707600,1735623000,True
train,2002,2023-01-01,2024-12-31,26452,1672707600,1735623000,True
validation,2303,2025-01-01,2025-06-30,6380,1735779600,1751261400,True
validation,2330,2025-01-01,2025-06-30,6380,1735779600,1751261400,True
validation,2412,2025-01-01,2025-06-30,6380,1735779600,1751261400,True
validation,2881,2025-01-01,2025-06-30,6380,1735779600,1751261400,True
validation,2882,2025-01-01,2025-06-30,6379,1735779600,1751261400,True
validation,2002,2025-01-01,2025-06-30,6380,1735779600,1751261400,True
test,2303,2026-01-01,2026-06-30,6379,1767315600,1782801000,True
test,2330,2026-01-01,2026-06-30,6379,1767315600,1782801000,True
test,2412,2026-01-01,2026-06-30,6380,1767315600,1782797400,True
test,2881,2026-01-01,2026-06-30,6380,1767315600,1782797400,True
test,2882,2026-01-01,2026-06-30,6380,1767315600,1782797400,True
test,2002,2026-01-01,2026-06-30,6380,1767315600,1782797400,True
