experiment_id,period_role,fold_id,version,candidate_id,stock_code,status,parameter_fingerprint,period_start,period_end,effective_evaluation_start,initial_capital,ending_capital,total_return,gross_pnl,net_pnl,gross_profit,gross_loss,total_fee,total_tax,transaction_cost,cost_to_gross_profit,sharpe_ratio,profit_factor,max_drawdown,win_rate,average_win,average_loss,payoff_ratio,break_even_win_rate,completed_trades,buy_and_hold_return,buy_and_hold_net_pnl,excess_return
technical-generalization-20261006-v1,training,WF1,A,A_legacy_vote,2303,BLOCKED_MISSING_DATA,bb33789d701531525188641636d5bf2a4a3bbba3ea2be4fddd408695b632d6bc,2023-07-01,2023-12-31,,,,,,,,,,,,,,,,,,,,,,,,
technical-generalization-20261006-v1,training,WF1,A,A_legacy_vote,2330,BLOCKED_MISSING_DATA,bb33789d701531525188641636d5bf2a4a3bbba3ea2be4fddd408695b632d6bc,2023-07-01,2023-12-31,,,,,,,,,,,,,,,,,,,,,,,,
technical-generalization-20261006-v1,training,WF1,A,A_legacy_vote,2454,BLOCKED_MISSING_DATA,bb33789d701531525188641636d5bf2a4a3bbba3ea2be4fddd408695b632d6bc,2023-07-01,2023-12-31,,,,,,,,,,,,,,,,,,,,,,,,
technical-generalization-20261006-v1,training,WF1,A,A_legacy_vote,2317,BLOCKED_MISSING_DATA,bb33789d701531525188641636d5bf2a4a3bbba3ea2be4fddd408695b632d6bc,2023-07-01,2023-12-31,,,,,,,,,,,,,,,,,,,,,,,,
technical-generalization-20261006-v1,training,WF1,A,A_legacy_vote,2382,BLOCKED_MISSING_DATA,bb33789d701531525188641636d5bf2a4a3bbba3ea2be4fddd408695b632d6bc,2023-07-01,2023-12-31,,,,,,,,,,,,,,,,,,,,,,,,
technical-generalization-20261006-v1,training,WF1,B,B_ma_10_30_120,2303,BLOCKED_MISSING_DATA,5e3d17b3aef57906ef9990894d211f2b0a6707f54fb5158aa0e7746d8e2ff5c8,2023-07-01,2023-12-31,,,,,,,,,,,,,,,,,,,,,,,,
technical-generalization-20261006-v1,training,WF1,B,B_ma_10_30_120,2330,BLOCKED_MISSING_DATA,5e3d17b3aef57906ef9990894d211f2b0a6707f54fb5158aa0e7746d8e2ff5c8,2023-07-01,2023-12-31,,,,,,,,,,,,,,,,,,,,,,,,
technical-generalization-20261006-v1,training,WF1,B,B_ma_10_30_120,2454,BLOCKED_MISSING_DATA,5e3d17b3aef57906ef9990894d211f2b0a6707f54fb5158aa0e7746d8e2ff5c8,2023-07-01,2023-12-31,,,,,,,,,,,,,,,,,,,,,,,,
technical-generalization-20261006-v1,training,WF1,B,B_ma_10_30_120,2317,BLOCKED_MISSING_DATA,5e3d17b3aef57906ef9990894d211f2b0a6707f54fb5158aa0e7746d8e2ff5c8,2023-07-01,2023-12-31,,,,,,,,,,,,,,,,,,,,,,,,
technical-generalization-20261006-v1,training,WF1,B,B_ma_10_30_120,2382,BLOCKED_MISSING_DATA,5e3d17b3aef57906ef9990894d211f2b0a6707f54fb5158aa0e7746d8e2ff5c8,2023-07-01,2023-12-31,,,,,,,,,,,,,,,,,,,,,,,,
technical-generalization-20261006-v1,training,WF1,B,B_ma_20_60_240,2303,BLOCKED_MISSING_DATA,42429bf42939f4e290e5a1dc292def3553f556f48ca76d934a88a901b70f7c55,2023-07-01,2023-12-31,,,,,,,,,,,,,,,,,,,,,,,,
technical-generalization-20261006-v1,training,WF1,B,B_ma_20_60_240,2330,BLOCKED_MISSING_DATA,42429bf42939f4e290e5a1dc292def3553f556f48ca76d934a88a901b70f7c55,2023-07-01,2023-12-31,,,,,,,,,,,,,,,,,,,,,,,,
technical-generalization-20261006-v1,training,WF1,B,B_ma_20_60_240,2454,BLOCKED_MISSING_DATA,42429bf42939f4e290e5a1dc292def3553f556f48ca76d934a88a901b70f7c55,2023-07-01,2023-12-31,,,,,,,,,,,,,,,,,,,,,,,,
technical-generalization-20261006-v1,training,WF1,B,B_ma_20_60_240,2317,BLOCKED_MISSING_DATA,42429bf42939f4e290e5a1dc292def3553f556f48ca76d934a88a901b70f7c55,2023-07-01,2023-12-31,,,,,,,,,,,,,,,,,,,,,,,,
technical-generalization-20261006-v1,training,WF1,B,B_ma_20_60_240,2382,BLOCKED_MISSING_DATA,42429bf42939f4e290e5a1dc292def3553f556f48ca76d934a88a901b70f7c55,2023-07-01,2023-12-31,,,,,,,,,,,,,,,,,,,,,,,,
technical-generalization-20261006-v1,training,WF1,B,B_rsi_50_65,2303,BLOCKED_MISSING_DATA,f4cc1361f27756b078b2505df27e6d687cec6c0f7c79656330305e6bebb84bc1,2023-07-01,2023-12-31,,,,,,,,,,,,,,,,,,,,,,,,
technical-generalization-20261006-v1,training,WF1,B,B_rsi_50_65,2330,BLOCKED_MISSING_DATA,f4cc1361f27756b078b2505df27e6d687cec6c0f7c79656330305e6bebb84bc1,2023-07-01,2023-12-31,,,,,,,,,,,,,,,,,,,,,,,,
technical-generalization-20261006-v1,training,WF1,B,B_rsi_50_65,2454,BLOCKED_MISSING_DATA,f4cc1361f27756b078b2505df27e6d687cec6c0f7c79656330305e6bebb84bc1,2023-07-01,2023-12-31,,,,,,,,,,,,,,,,,,,,,,,,
technical-generalization-20261006-v1,training,WF1,B,B_rsi_50_65,2317,BLOCKED_MISSING_DATA,f4cc1361f27756b078b2505df27e6d687cec6c0f7c79656330305e6bebb84bc1,2023-07-01,2023-12-31,,,,,,,,,,,,,,,,,,,,,,,,
technical-generalization-20261006-v1,training,WF1,B,B_rsi_50_65,2382,BLOCKED_MISSING_DATA,f4cc1361f27756b078b2505df27e6d687cec6c0f7c79656330305e6bebb84bc1,2023-07-01,2023-12-31,,,,,,,,,,,,,,,,,,,,,,,,
technical-generalization-20261006-v1,training,WF1,B,B_rsi_55_70,2303,BLOCKED_MISSING_DATA,cd0d2e7fc4459978735789e917737305f267a64e419a72adbd6814f57728a987,2023-07-01,2023-12-31,,,,,,,,,,,,,,,,,,,,,,,,
technical-generalization-20261006-v1,training,WF1,B,B_rsi_55_70,2330,BLOCKED_MISSING_DATA,cd0d2e7fc4459978735789e917737305f267a64e419a72adbd6814f57728a987,2023-07-01,2023-12-31,,,,,,,,,,,,,,,,,,,,,,,,
technical-generalization-20261006-v1,training,WF1,B,B_rsi_55_70,2454,BLOCKED_MISSING_DATA,cd0d2e7fc4459978735789e917737305f267a64e419a72adbd6814f57728a987,2023-07-01,2023-12-31,,,,,,,,,,,,,,,,,,,,,,,,
technical-generalization-20261006-v1,training,WF1,B,B_rsi_55_70,2317,BLOCKED_MISSING_DATA,cd0d2e7fc4459978735789e917737305f267a64e419a72adbd6814f57728a987,2023-07-01,2023-12-31,,,,,,,,,,,,,,,,,,,,,,,,
technical-generalization-20261006-v1,training,WF1,B,B_rsi_55_70,2382,BLOCKED_MISSING_DATA,cd0d2e7fc4459978735789e917737305f267a64e419a72adbd6814f57728a987,2023-07-01,2023-12-31,,,,,,,,,,,,,,,,,,,,,,,,
technical-generalization-20261006-v1,training,WF1,B,B_macd_12_26_9,2303,BLOCKED_MISSING_DATA,e16bd6cd0a3d223859913b5be627456875d3d04c86c2cba194faa86e1c4a8997,2023-07-01,2023-12-31,,,,,,,,,,,,,,,,,,,,,,,,
technical-generalization-20261006-v1,training,WF1,B,B_macd_12_26_9,2330,BLOCKED_MISSING_DATA,e16bd6cd0a3d223859913b5be627456875d3d04c86c2cba194faa86e1c4a8997,2023-07-01,2023-12-31,,,,,,,,,,,,,,,,,,,,,,,,
technical-generalization-20261006-v1,training,WF1,B,B_macd_12_26_9,2454,BLOCKED_MISSING_DATA,e16bd6cd0a3d223859913b5be627456875d3d04c86c2cba194faa86e1c4a8997,2023-07-01,2023-12-31,,,,,,,,,,,,,,,,,,,,,,,,
technical-generalization-20261006-v1,training,WF1,B,B_macd_12_26_9,2317,BLOCKED_MISSING_DATA,e16bd6cd0a3d223859913b5be627456875d3d04c86c2cba194faa86e1c4a8997,2023-07-01,2023-12-31,,,,,,,,,,,,,,,,,,,,,,,,
technical-generalization-20261006-v1,training,WF1,B,B_macd_12_26_9,2382,BLOCKED_MISSING_DATA,e16bd6cd0a3d223859913b5be627456875d3d04c86c2cba194faa86e1c4a8997,2023-07-01,2023-12-31,,,,,,,,,,,,,,,,,,,,,,,,
technical-generalization-20261006-v1,training,WF1,B,B_macd_19_39_9,2303,BLOCKED_MISSING_DATA,55e2568558d22feb3f317ba7396f490747ad2dc2586d3d5d3465c2f82cb031f4,2023-07-01,2023-12-31,,,,,,,,,,,,,,,,,,,,,,,,
technical-generalization-20261006-v1,training,WF1,B,B_macd_19_39_9,2330,BLOCKED_MISSING_DATA,55e2568558d22feb3f317ba7396f490747ad2dc2586d3d5d3465c2f82cb031f4,2023-07-01,2023-12-31,,,,,,,,,,,,,,,,,,,,,,,,
technical-generalization-20261006-v1,training,WF1,B,B_macd_19_39_9,2454,BLOCKED_MISSING_DATA,55e2568558d22feb3f317ba7396f490747ad2dc2586d3d5d3465c2f82cb031f4,2023-07-01,2023-12-31,,,,,,,,,,,,,,,,,,,,,,,,
technical-generalization-20261006-v1,training,WF1,B,B_macd_19_39_9,2317,BLOCKED_MISSING_DATA,55e2568558d22feb3f317ba7396f490747ad2dc2586d3d5d3465c2f82cb031f4,2023-07-01,2023-12-31,,,,,,,,,,,,,,,,,,,,,,,,
technical-generalization-20261006-v1,training,WF1,B,B_macd_19_39_9,2382,BLOCKED_MISSING_DATA,55e2568558d22feb3f317ba7396f490747ad2dc2586d3d5d3465c2f82cb031f4,2023-07-01,2023-12-31,,,,,,,,,,,,,,,,,,,,,,,,
technical-generalization-20261006-v1,training,WF1,C,C_vote_2_of_3,2303,BLOCKED_MISSING_DATA,1ca2e60838fcd119116712ad37a6028f291108426f3c17757d9b69fb95fd5e3b,2023-07-01,2023-12-31,,,,,,,,,,,,,,,,,,,,,,,,
technical-generalization-20261006-v1,training,WF1,C,C_vote_2_of_3,2330,BLOCKED_MISSING_DATA,1ca2e60838fcd119116712ad37a6028f291108426f3c17757d9b69fb95fd5e3b,2023-07-01,2023-12-31,,,,,,,,,,,,,,,,,,,,,,,,
technical-generalization-20261006-v1,training,WF1,C,C_vote_2_of_3,2454,BLOCKED_MISSING_DATA,1ca2e60838fcd119116712ad37a6028f291108426f3c17757d9b69fb95fd5e3b,2023-07-01,2023-12-31,,,,,,,,,,,,,,,,,,,,,,,,
technical-generalization-20261006-v1,training,WF1,C,C_vote_2_of_3,2317,BLOCKED_MISSING_DATA,1ca2e60838fcd119116712ad37a6028f291108426f3c17757d9b69fb95fd5e3b,2023-07-01,2023-12-31,,,,,,,,,,,,,,,,,,,,,,,,
technical-generalization-20261006-v1,training,WF1,C,C_vote_2_of_3,2382,BLOCKED_MISSING_DATA,1ca2e60838fcd119116712ad37a6028f291108426f3c17757d9b69fb95fd5e3b,2023-07-01,2023-12-31,,,,,,,,,,,,,,,,,,,,,,,,
technical-generalization-20261006-v1,training,WF1,C,C_vote_3_of_3,2303,BLOCKED_MISSING_DATA,610371d0b76f57029a319d9a13d5fe6d848ba9549def2c9229d1fafa7b4b171b,2023-07-01,2023-12-31,,,,,,,,,,,,,,,,,,,,,,,,
technical-generalization-20261006-v1,training,WF1,C,C_vote_3_of_3,2330,BLOCKED_MISSING_DATA,610371d0b76f57029a319d9a13d5fe6d848ba9549def2c9229d1fafa7b4b171b,2023-07-01,2023-12-31,,,,,,,,,,,,,,,,,,,,,,,,
technical-generalization-20261006-v1,training,WF1,C,C_vote_3_of_3,2454,BLOCKED_MISSING_DATA,610371d0b76f57029a319d9a13d5fe6d848ba9549def2c9229d1fafa7b4b171b,2023-07-01,2023-12-31,,,,,,,,,,,,,,,,,,,,,,,,
technical-generalization-20261006-v1,training,WF1,C,C_vote_3_of_3,2317,BLOCKED_MISSING_DATA,610371d0b76f57029a319d9a13d5fe6d848ba9549def2c9229d1fafa7b4b171b,2023-07-01,2023-12-31,,,,,,,,,,,,,,,,,,,,,,,,
technical-generalization-20261006-v1,training,WF1,C,C_vote_3_of_3,2382,BLOCKED_MISSING_DATA,610371d0b76f57029a319d9a13d5fe6d848ba9549def2c9229d1fafa7b4b171b,2023-07-01,2023-12-31,,,,,,,,,,,,,,,,,,,,,,,,
technical-generalization-20261006-v1,training,WF2,A,A_legacy_vote,2303,BLOCKED_MISSING_DATA,bb33789d701531525188641636d5bf2a4a3bbba3ea2be4fddd408695b632d6bc,2024-01-01,2024-06-30,,,,,,,,,,,,,,,,,,,,,,,,
technical-generalization-20261006-v1,training,WF2,A,A_legacy_vote,2330,BLOCKED_MISSING_DATA,bb33789d701531525188641636d5bf2a4a3bbba3ea2be4fddd408695b632d6bc,2024-01-01,2024-06-30,,,,,,,,,,,,,,,,,,,,,,,,
technical-generalization-20261006-v1,training,WF2,A,A_legacy_vote,2454,BLOCKED_MISSING_DATA,bb33789d701531525188641636d5bf2a4a3bbba3ea2be4fddd408695b632d6bc,2024-01-01,2024-06-30,,,,,,,,,,,,,,,,,,,,,,,,
technical-generalization-20261006-v1,training,WF2,A,A_legacy_vote,2317,BLOCKED_MISSING_DATA,bb33789d701531525188641636d5bf2a4a3bbba3ea2be4fddd408695b632d6bc,2024-01-01,2024-06-30,,,,,,,,,,,,,,,,,,,,,,,,
technical-generalization-20261006-v1,training,WF2,A,A_legacy_vote,2382,BLOCKED_MISSING_DATA,bb33789d701531525188641636d5bf2a4a3bbba3ea2be4fddd408695b632d6bc,2024-01-01,2024-06-30,,,,,,,,,,,,,,,,,,,,,,,,
technical-generalization-20261006-v1,training,WF2,B,B_ma_10_30_120,2303,BLOCKED_MISSING_DATA,5e3d17b3aef57906ef9990894d211f2b0a6707f54fb5158aa0e7746d8e2ff5c8,2024-01-01,2024-06-30,,,,,,,,,,,,,,,,,,,,,,,,
technical-generalization-20261006-v1,training,WF2,B,B_ma_10_30_120,2330,BLOCKED_MISSING_DATA,5e3d17b3aef57906ef9990894d211f2b0a6707f54fb5158aa0e7746d8e2ff5c8,2024-01-01,2024-06-30,,,,,,,,,,,,,,,,,,,,,,,,
technical-generalization-20261006-v1,training,WF2,B,B_ma_10_30_120,2454,BLOCKED_MISSING_DATA,5e3d17b3aef57906ef9990894d211f2b0a6707f54fb5158aa0e7746d8e2ff5c8,2024-01-01,2024-06-30,,,,,,,,,,,,,,,,,,,,,,,,
technical-generalization-20261006-v1,training,WF2,B,B_ma_10_30_120,2317,BLOCKED_MISSING_DATA,5e3d17b3aef57906ef9990894d211f2b0a6707f54fb5158aa0e7746d8e2ff5c8,2024-01-01,2024-06-30,,,,,,,,,,,,,,,,,,,,,,,,
technical-generalization-20261006-v1,training,WF2,B,B_ma_10_30_120,2382,BLOCKED_MISSING_DATA,5e3d17b3aef57906ef9990894d211f2b0a6707f54fb5158aa0e7746d8e2ff5c8,2024-01-01,2024-06-30,,,,,,,,,,,,,,,,,,,,,,,,
technical-generalization-20261006-v1,training,WF2,B,B_ma_20_60_240,2303,BLOCKED_MISSING_DATA,42429bf42939f4e290e5a1dc292def3553f556f48ca76d934a88a901b70f7c55,2024-01-01,2024-06-30,,,,,,,,,,,,,,,,,,,,,,,,
technical-generalization-20261006-v1,training,WF2,B,B_ma_20_60_240,2330,BLOCKED_MISSING_DATA,42429bf42939f4e290e5a1dc292def3553f556f48ca76d934a88a901b70f7c55,2024-01-01,2024-06-30,,,,,,,,,,,,,,,,,,,,,,,,
technical-generalization-20261006-v1,training,WF2,B,B_ma_20_60_240,2454,BLOCKED_MISSING_DATA,42429bf42939f4e290e5a1dc292def3553f556f48ca76d934a88a901b70f7c55,2024-01-01,2024-06-30,,,,,,,,,,,,,,,,,,,,,,,,
technical-generalization-20261006-v1,training,WF2,B,B_ma_20_60_240,2317,BLOCKED_MISSING_DATA,42429bf42939f4e290e5a1dc292def3553f556f48ca76d934a88a901b70f7c55,2024-01-01,2024-06-30,,,,,,,,,,,,,,,,,,,,,,,,
technical-generalization-20261006-v1,training,WF2,B,B_ma_20_60_240,2382,BLOCKED_MISSING_DATA,42429bf42939f4e290e5a1dc292def3553f556f48ca76d934a88a901b70f7c55,2024-01-01,2024-06-30,,,,,,,,,,,,,,,,,,,,,,,,
technical-generalization-20261006-v1,training,WF2,B,B_rsi_50_65,2303,BLOCKED_MISSING_DATA,f4cc1361f27756b078b2505df27e6d687cec6c0f7c79656330305e6bebb84bc1,2024-01-01,2024-06-30,,,,,,,,,,,,,,,,,,,,,,,,
technical-generalization-20261006-v1,training,WF2,B,B_rsi_50_65,2330,BLOCKED_MISSING_DATA,f4cc1361f27756b078b2505df27e6d687cec6c0f7c79656330305e6bebb84bc1,2024-01-01,2024-06-30,,,,,,,,,,,,,,,,,,,,,,,,
technical-generalization-20261006-v1,training,WF2,B,B_rsi_50_65,2454,BLOCKED_MISSING_DATA,f4cc1361f27756b078b2505df27e6d687cec6c0f7c79656330305e6bebb84bc1,2024-01-01,2024-06-30,,,,,,,,,,,,,,,,,,,,,,,,
technical-generalization-20261006-v1,training,WF2,B,B_rsi_50_65,2317,BLOCKED_MISSING_DATA,f4cc1361f27756b078b2505df27e6d687cec6c0f7c79656330305e6bebb84bc1,2024-01-01,2024-06-30,,,,,,,,,,,,,,,,,,,,,,,,
technical-generalization-20261006-v1,training,WF2,B,B_rsi_50_65,2382,BLOCKED_MISSING_DATA,f4cc1361f27756b078b2505df27e6d687cec6c0f7c79656330305e6bebb84bc1,2024-01-01,2024-06-30,,,,,,,,,,,,,,,,,,,,,,,,
technical-generalization-20261006-v1,training,WF2,B,B_rsi_55_70,2303,BLOCKED_MISSING_DATA,cd0d2e7fc4459978735789e917737305f267a64e419a72adbd6814f57728a987,2024-01-01,2024-06-30,,,,,,,,,,,,,,,,,,,,,,,,
technical-generalization-20261006-v1,training,WF2,B,B_rsi_55_70,2330,BLOCKED_MISSING_DATA,cd0d2e7fc4459978735789e917737305f267a64e419a72adbd6814f57728a987,2024-01-01,2024-06-30,,,,,,,,,,,,,,,,,,,,,,,,
technical-generalization-20261006-v1,training,WF2,B,B_rsi_55_70,2454,BLOCKED_MISSING_DATA,cd0d2e7fc4459978735789e917737305f267a64e419a72adbd6814f57728a987,2024-01-01,2024-06-30,,,,,,,,,,,,,,,,,,,,,,,,
technical-generalization-20261006-v1,training,WF2,B,B_rsi_55_70,2317,BLOCKED_MISSING_DATA,cd0d2e7fc4459978735789e917737305f267a64e419a72adbd6814f57728a987,2024-01-01,2024-06-30,,,,,,,,,,,,,,,,,,,,,,,,
technical-generalization-20261006-v1,training,WF2,B,B_rsi_55_70,2382,BLOCKED_MISSING_DATA,cd0d2e7fc4459978735789e917737305f267a64e419a72adbd6814f57728a987,2024-01-01,2024-06-30,,,,,,,,,,,,,,,,,,,,,,,,
technical-generalization-20261006-v1,training,WF2,B,B_macd_12_26_9,2303,BLOCKED_MISSING_DATA,e16bd6cd0a3d223859913b5be627456875d3d04c86c2cba194faa86e1c4a8997,2024-01-01,2024-06-30,,,,,,,,,,,,,,,,,,,,,,,,
technical-generalization-20261006-v1,training,WF2,B,B_macd_12_26_9,2330,BLOCKED_MISSING_DATA,e16bd6cd0a3d223859913b5be627456875d3d04c86c2cba194faa86e1c4a8997,2024-01-01,2024-06-30,,,,,,,,,,,,,,,,,,,,,,,,
technical-generalization-20261006-v1,training,WF2,B,B_macd_12_26_9,2454,BLOCKED_MISSING_DATA,e16bd6cd0a3d223859913b5be627456875d3d04c86c2cba194faa86e1c4a8997,2024-01-01,2024-06-30,,,,,,,,,,,,,,,,,,,,,,,,
technical-generalization-20261006-v1,training,WF2,B,B_macd_12_26_9,2317,BLOCKED_MISSING_DATA,e16bd6cd0a3d223859913b5be627456875d3d04c86c2cba194faa86e1c4a8997,2024-01-01,2024-06-30,,,,,,,,,,,,,,,,,,,,,,,,
technical-generalization-20261006-v1,training,WF2,B,B_macd_12_26_9,2382,BLOCKED_MISSING_DATA,e16bd6cd0a3d223859913b5be627456875d3d04c86c2cba194faa86e1c4a8997,2024-01-01,2024-06-30,,,,,,,,,,,,,,,,,,,,,,,,
technical-generalization-20261006-v1,training,WF2,B,B_macd_19_39_9,2303,BLOCKED_MISSING_DATA,55e2568558d22feb3f317ba7396f490747ad2dc2586d3d5d3465c2f82cb031f4,2024-01-01,2024-06-30,,,,,,,,,,,,,,,,,,,,,,,,
technical-generalization-20261006-v1,training,WF2,B,B_macd_19_39_9,2330,BLOCKED_MISSING_DATA,55e2568558d22feb3f317ba7396f490747ad2dc2586d3d5d3465c2f82cb031f4,2024-01-01,2024-06-30,,,,,,,,,,,,,,,,,,,,,,,,
technical-generalization-20261006-v1,training,WF2,B,B_macd_19_39_9,2454,BLOCKED_MISSING_DATA,55e2568558d22feb3f317ba7396f490747ad2dc2586d3d5d3465c2f82cb031f4,2024-01-01,2024-06-30,,,,,,,,,,,,,,,,,,,,,,,,
technical-generalization-20261006-v1,training,WF2,B,B_macd_19_39_9,2317,BLOCKED_MISSING_DATA,55e2568558d22feb3f317ba7396f490747ad2dc2586d3d5d3465c2f82cb031f4,2024-01-01,2024-06-30,,,,,,,,,,,,,,,,,,,,,,,,
technical-generalization-20261006-v1,training,WF2,B,B_macd_19_39_9,2382,BLOCKED_MISSING_DATA,55e2568558d22feb3f317ba7396f490747ad2dc2586d3d5d3465c2f82cb031f4,2024-01-01,2024-06-30,,,,,,,,,,,,,,,,,,,,,,,,
technical-generalization-20261006-v1,training,WF2,C,C_vote_2_of_3,2303,BLOCKED_MISSING_DATA,1ca2e60838fcd119116712ad37a6028f291108426f3c17757d9b69fb95fd5e3b,2024-01-01,2024-06-30,,,,,,,,,,,,,,,,,,,,,,,,
technical-generalization-20261006-v1,training,WF2,C,C_vote_2_of_3,2330,BLOCKED_MISSING_DATA,1ca2e60838fcd119116712ad37a6028f291108426f3c17757d9b69fb95fd5e3b,2024-01-01,2024-06-30,,,,,,,,,,,,,,,,,,,,,,,,
technical-generalization-20261006-v1,training,WF2,C,C_vote_2_of_3,2454,BLOCKED_MISSING_DATA,1ca2e60838fcd119116712ad37a6028f291108426f3c17757d9b69fb95fd5e3b,2024-01-01,2024-06-30,,,,,,,,,,,,,,,,,,,,,,,,
technical-generalization-20261006-v1,training,WF2,C,C_vote_2_of_3,2317,BLOCKED_MISSING_DATA,1ca2e60838fcd119116712ad37a6028f291108426f3c17757d9b69fb95fd5e3b,2024-01-01,2024-06-30,,,,,,,,,,,,,,,,,,,,,,,,
technical-generalization-20261006-v1,training,WF2,C,C_vote_2_of_3,2382,BLOCKED_MISSING_DATA,1ca2e60838fcd119116712ad37a6028f291108426f3c17757d9b69fb95fd5e3b,2024-01-01,2024-06-30,,,,,,,,,,,,,,,,,,,,,,,,
technical-generalization-20261006-v1,training,WF2,C,C_vote_3_of_3,2303,BLOCKED_MISSING_DATA,610371d0b76f57029a319d9a13d5fe6d848ba9549def2c9229d1fafa7b4b171b,2024-01-01,2024-06-30,,,,,,,,,,,,,,,,,,,,,,,,
technical-generalization-20261006-v1,training,WF2,C,C_vote_3_of_3,2330,BLOCKED_MISSING_DATA,610371d0b76f57029a319d9a13d5fe6d848ba9549def2c9229d1fafa7b4b171b,2024-01-01,2024-06-30,,,,,,,,,,,,,,,,,,,,,,,,
technical-generalization-20261006-v1,training,WF2,C,C_vote_3_of_3,2454,BLOCKED_MISSING_DATA,610371d0b76f57029a319d9a13d5fe6d848ba9549def2c9229d1fafa7b4b171b,2024-01-01,2024-06-30,,,,,,,,,,,,,,,,,,,,,,,,
technical-generalization-20261006-v1,training,WF2,C,C_vote_3_of_3,2317,BLOCKED_MISSING_DATA,610371d0b76f57029a319d9a13d5fe6d848ba9549def2c9229d1fafa7b4b171b,2024-01-01,2024-06-30,,,,,,,,,,,,,,,,,,,,,,,,
technical-generalization-20261006-v1,training,WF2,C,C_vote_3_of_3,2382,BLOCKED_MISSING_DATA,610371d0b76f57029a319d9a13d5fe6d848ba9549def2c9229d1fafa7b4b171b,2024-01-01,2024-06-30,,,,,,,,,,,,,,,,,,,,,,,,
technical-generalization-20261006-v1,training,WF3,A,A_legacy_vote,2303,BLOCKED_MISSING_DATA,bb33789d701531525188641636d5bf2a4a3bbba3ea2be4fddd408695b632d6bc,2024-07-01,2024-12-31,,,,,,,,,,,,,,,,,,,,,,,,
technical-generalization-20261006-v1,training,WF3,A,A_legacy_vote,2330,BLOCKED_MISSING_DATA,bb33789d701531525188641636d5bf2a4a3bbba3ea2be4fddd408695b632d6bc,2024-07-01,2024-12-31,,,,,,,,,,,,,,,,,,,,,,,,
technical-generalization-20261006-v1,training,WF3,A,A_legacy_vote,2454,BLOCKED_MISSING_DATA,bb33789d701531525188641636d5bf2a4a3bbba3ea2be4fddd408695b632d6bc,2024-07-01,2024-12-31,,,,,,,,,,,,,,,,,,,,,,,,
technical-generalization-20261006-v1,training,WF3,A,A_legacy_vote,2317,BLOCKED_MISSING_DATA,bb33789d701531525188641636d5bf2a4a3bbba3ea2be4fddd408695b632d6bc,2024-07-01,2024-12-31,,,,,,,,,,,,,,,,,,,,,,,,
technical-generalization-20261006-v1,training,WF3,A,A_legacy_vote,2382,BLOCKED_MISSING_DATA,bb33789d701531525188641636d5bf2a4a3bbba3ea2be4fddd408695b632d6bc,2024-07-01,2024-12-31,,,,,,,,,,,,,,,,,,,,,,,,
technical-generalization-20261006-v1,training,WF3,B,B_ma_10_30_120,2303,BLOCKED_MISSING_DATA,5e3d17b3aef57906ef9990894d211f2b0a6707f54fb5158aa0e7746d8e2ff5c8,2024-07-01,2024-12-31,,,,,,,,,,,,,,,,,,,,,,,,
technical-generalization-20261006-v1,training,WF3,B,B_ma_10_30_120,2330,BLOCKED_MISSING_DATA,5e3d17b3aef57906ef9990894d211f2b0a6707f54fb5158aa0e7746d8e2ff5c8,2024-07-01,2024-12-31,,,,,,,,,,,,,,,,,,,,,,,,
technical-generalization-20261006-v1,training,WF3,B,B_ma_10_30_120,2454,BLOCKED_MISSING_DATA,5e3d17b3aef57906ef9990894d211f2b0a6707f54fb5158aa0e7746d8e2ff5c8,2024-07-01,2024-12-31,,,,,,,,,,,,,,,,,,,,,,,,
technical-generalization-20261006-v1,training,WF3,B,B_ma_10_30_120,2317,BLOCKED_MISSING_DATA,5e3d17b3aef57906ef9990894d211f2b0a6707f54fb5158aa0e7746d8e2ff5c8,2024-07-01,2024-12-31,,,,,,,,,,,,,,,,,,,,,,,,
technical-generalization-20261006-v1,training,WF3,B,B_ma_10_30_120,2382,BLOCKED_MISSING_DATA,5e3d17b3aef57906ef9990894d211f2b0a6707f54fb5158aa0e7746d8e2ff5c8,2024-07-01,2024-12-31,,,,,,,,,,,,,,,,,,,,,,,,
technical-generalization-20261006-v1,training,WF3,B,B_ma_20_60_240,2303,BLOCKED_MISSING_DATA,42429bf42939f4e290e5a1dc292def3553f556f48ca76d934a88a901b70f7c55,2024-07-01,2024-12-31,,,,,,,,,,,,,,,,,,,,,,,,
technical-generalization-20261006-v1,training,WF3,B,B_ma_20_60_240,2330,BLOCKED_MISSING_DATA,42429bf42939f4e290e5a1dc292def3553f556f48ca76d934a88a901b70f7c55,2024-07-01,2024-12-31,,,,,,,,,,,,,,,,,,,,,,,,
technical-generalization-20261006-v1,training,WF3,B,B_ma_20_60_240,2454,BLOCKED_MISSING_DATA,42429bf42939f4e290e5a1dc292def3553f556f48ca76d934a88a901b70f7c55,2024-07-01,2024-12-31,,,,,,,,,,,,,,,,,,,,,,,,
technical-generalization-20261006-v1,training,WF3,B,B_ma_20_60_240,2317,BLOCKED_MISSING_DATA,42429bf42939f4e290e5a1dc292def3553f556f48ca76d934a88a901b70f7c55,2024-07-01,2024-12-31,,,,,,,,,,,,,,,,,,,,,,,,
technical-generalization-20261006-v1,training,WF3,B,B_ma_20_60_240,2382,BLOCKED_MISSING_DATA,42429bf42939f4e290e5a1dc292def3553f556f48ca76d934a88a901b70f7c55,2024-07-01,2024-12-31,,,,,,,,,,,,,,,,,,,,,,,,
technical-generalization-20261006-v1,training,WF3,B,B_rsi_50_65,2303,BLOCKED_MISSING_DATA,f4cc1361f27756b078b2505df27e6d687cec6c0f7c79656330305e6bebb84bc1,2024-07-01,2024-12-31,,,,,,,,,,,,,,,,,,,,,,,,
technical-generalization-20261006-v1,training,WF3,B,B_rsi_50_65,2330,BLOCKED_MISSING_DATA,f4cc1361f27756b078b2505df27e6d687cec6c0f7c79656330305e6bebb84bc1,2024-07-01,2024-12-31,,,,,,,,,,,,,,,,,,,,,,,,
technical-generalization-20261006-v1,training,WF3,B,B_rsi_50_65,2454,BLOCKED_MISSING_DATA,f4cc1361f27756b078b2505df27e6d687cec6c0f7c79656330305e6bebb84bc1,2024-07-01,2024-12-31,,,,,,,,,,,,,,,,,,,,,,,,
technical-generalization-20261006-v1,training,WF3,B,B_rsi_50_65,2317,BLOCKED_MISSING_DATA,f4cc1361f27756b078b2505df27e6d687cec6c0f7c79656330305e6bebb84bc1,2024-07-01,2024-12-31,,,,,,,,,,,,,,,,,,,,,,,,
technical-generalization-20261006-v1,training,WF3,B,B_rsi_50_65,2382,BLOCKED_MISSING_DATA,f4cc1361f27756b078b2505df27e6d687cec6c0f7c79656330305e6bebb84bc1,2024-07-01,2024-12-31,,,,,,,,,,,,,,,,,,,,,,,,
technical-generalization-20261006-v1,training,WF3,B,B_rsi_55_70,2303,BLOCKED_MISSING_DATA,cd0d2e7fc4459978735789e917737305f267a64e419a72adbd6814f57728a987,2024-07-01,2024-12-31,,,,,,,,,,,,,,,,,,,,,,,,
technical-generalization-20261006-v1,training,WF3,B,B_rsi_55_70,2330,BLOCKED_MISSING_DATA,cd0d2e7fc4459978735789e917737305f267a64e419a72adbd6814f57728a987,2024-07-01,2024-12-31,,,,,,,,,,,,,,,,,,,,,,,,
technical-generalization-20261006-v1,training,WF3,B,B_rsi_55_70,2454,BLOCKED_MISSING_DATA,cd0d2e7fc4459978735789e917737305f267a64e419a72adbd6814f57728a987,2024-07-01,2024-12-31,,,,,,,,,,,,,,,,,,,,,,,,
technical-generalization-20261006-v1,training,WF3,B,B_rsi_55_70,2317,BLOCKED_MISSING_DATA,cd0d2e7fc4459978735789e917737305f267a64e419a72adbd6814f57728a987,2024-07-01,2024-12-31,,,,,,,,,,,,,,,,,,,,,,,,
technical-generalization-20261006-v1,training,WF3,B,B_rsi_55_70,2382,BLOCKED_MISSING_DATA,cd0d2e7fc4459978735789e917737305f267a64e419a72adbd6814f57728a987,2024-07-01,2024-12-31,,,,,,,,,,,,,,,,,,,,,,,,
technical-generalization-20261006-v1,training,WF3,B,B_macd_12_26_9,2303,BLOCKED_MISSING_DATA,e16bd6cd0a3d223859913b5be627456875d3d04c86c2cba194faa86e1c4a8997,2024-07-01,2024-12-31,,,,,,,,,,,,,,,,,,,,,,,,
technical-generalization-20261006-v1,training,WF3,B,B_macd_12_26_9,2330,BLOCKED_MISSING_DATA,e16bd6cd0a3d223859913b5be627456875d3d04c86c2cba194faa86e1c4a8997,2024-07-01,2024-12-31,,,,,,,,,,,,,,,,,,,,,,,,
technical-generalization-20261006-v1,training,WF3,B,B_macd_12_26_9,2454,BLOCKED_MISSING_DATA,e16bd6cd0a3d223859913b5be627456875d3d04c86c2cba194faa86e1c4a8997,2024-07-01,2024-12-31,,,,,,,,,,,,,,,,,,,,,,,,
technical-generalization-20261006-v1,training,WF3,B,B_macd_12_26_9,2317,BLOCKED_MISSING_DATA,e16bd6cd0a3d223859913b5be627456875d3d04c86c2cba194faa86e1c4a8997,2024-07-01,2024-12-31,,,,,,,,,,,,,,,,,,,,,,,,
technical-generalization-20261006-v1,training,WF3,B,B_macd_12_26_9,2382,BLOCKED_MISSING_DATA,e16bd6cd0a3d223859913b5be627456875d3d04c86c2cba194faa86e1c4a8997,2024-07-01,2024-12-31,,,,,,,,,,,,,,,,,,,,,,,,
technical-generalization-20261006-v1,training,WF3,B,B_macd_19_39_9,2303,BLOCKED_MISSING_DATA,55e2568558d22feb3f317ba7396f490747ad2dc2586d3d5d3465c2f82cb031f4,2024-07-01,2024-12-31,,,,,,,,,,,,,,,,,,,,,,,,
technical-generalization-20261006-v1,training,WF3,B,B_macd_19_39_9,2330,BLOCKED_MISSING_DATA,55e2568558d22feb3f317ba7396f490747ad2dc2586d3d5d3465c2f82cb031f4,2024-07-01,2024-12-31,,,,,,,,,,,,,,,,,,,,,,,,
technical-generalization-20261006-v1,training,WF3,B,B_macd_19_39_9,2454,BLOCKED_MISSING_DATA,55e2568558d22feb3f317ba7396f490747ad2dc2586d3d5d3465c2f82cb031f4,2024-07-01,2024-12-31,,,,,,,,,,,,,,,,,,,,,,,,
technical-generalization-20261006-v1,training,WF3,B,B_macd_19_39_9,2317,BLOCKED_MISSING_DATA,55e2568558d22feb3f317ba7396f490747ad2dc2586d3d5d3465c2f82cb031f4,2024-07-01,2024-12-31,,,,,,,,,,,,,,,,,,,,,,,,
technical-generalization-20261006-v1,training,WF3,B,B_macd_19_39_9,2382,BLOCKED_MISSING_DATA,55e2568558d22feb3f317ba7396f490747ad2dc2586d3d5d3465c2f82cb031f4,2024-07-01,2024-12-31,,,,,,,,,,,,,,,,,,,,,,,,
technical-generalization-20261006-v1,training,WF3,C,C_vote_2_of_3,2303,BLOCKED_MISSING_DATA,1ca2e60838fcd119116712ad37a6028f291108426f3c17757d9b69fb95fd5e3b,2024-07-01,2024-12-31,,,,,,,,,,,,,,,,,,,,,,,,
technical-generalization-20261006-v1,training,WF3,C,C_vote_2_of_3,2330,BLOCKED_MISSING_DATA,1ca2e60838fcd119116712ad37a6028f291108426f3c17757d9b69fb95fd5e3b,2024-07-01,2024-12-31,,,,,,,,,,,,,,,,,,,,,,,,
technical-generalization-20261006-v1,training,WF3,C,C_vote_2_of_3,2454,BLOCKED_MISSING_DATA,1ca2e60838fcd119116712ad37a6028f291108426f3c17757d9b69fb95fd5e3b,2024-07-01,2024-12-31,,,,,,,,,,,,,,,,,,,,,,,,
technical-generalization-20261006-v1,training,WF3,C,C_vote_2_of_3,2317,BLOCKED_MISSING_DATA,1ca2e60838fcd119116712ad37a6028f291108426f3c17757d9b69fb95fd5e3b,2024-07-01,2024-12-31,,,,,,,,,,,,,,,,,,,,,,,,
technical-generalization-20261006-v1,training,WF3,C,C_vote_2_of_3,2382,BLOCKED_MISSING_DATA,1ca2e60838fcd119116712ad37a6028f291108426f3c17757d9b69fb95fd5e3b,2024-07-01,2024-12-31,,,,,,,,,,,,,,,,,,,,,,,,
technical-generalization-20261006-v1,training,WF3,C,C_vote_3_of_3,2303,BLOCKED_MISSING_DATA,610371d0b76f57029a319d9a13d5fe6d848ba9549def2c9229d1fafa7b4b171b,2024-07-01,2024-12-31,,,,,,,,,,,,,,,,,,,,,,,,
technical-generalization-20261006-v1,training,WF3,C,C_vote_3_of_3,2330,BLOCKED_MISSING_DATA,610371d0b76f57029a319d9a13d5fe6d848ba9549def2c9229d1fafa7b4b171b,2024-07-01,2024-12-31,,,,,,,,,,,,,,,,,,,,,,,,
technical-generalization-20261006-v1,training,WF3,C,C_vote_3_of_3,2454,BLOCKED_MISSING_DATA,610371d0b76f57029a319d9a13d5fe6d848ba9549def2c9229d1fafa7b4b171b,2024-07-01,2024-12-31,,,,,,,,,,,,,,,,,,,,,,,,
technical-generalization-20261006-v1,training,WF3,C,C_vote_3_of_3,2317,BLOCKED_MISSING_DATA,610371d0b76f57029a319d9a13d5fe6d848ba9549def2c9229d1fafa7b4b171b,2024-07-01,2024-12-31,,,,,,,,,,,,,,,,,,,,,,,,
technical-generalization-20261006-v1,training,WF3,C,C_vote_3_of_3,2382,BLOCKED_MISSING_DATA,610371d0b76f57029a319d9a13d5fe6d848ba9549def2c9229d1fafa7b4b171b,2024-07-01,2024-12-31,,,,,,,,,,,,,,,,,,,,,,,,
technical-generalization-20261006-v1,validation,VALIDATION,A,A_legacy_vote,2303,BLOCKED_MISSING_DATA,bb33789d701531525188641636d5bf2a4a3bbba3ea2be4fddd408695b632d6bc,2025-01-01,2025-06-30,,,,,,,,,,,,,,,,,,,,,,,,
technical-generalization-20261006-v1,validation,VALIDATION,A,A_legacy_vote,2330,BLOCKED_MISSING_DATA,bb33789d701531525188641636d5bf2a4a3bbba3ea2be4fddd408695b632d6bc,2025-01-01,2025-06-30,,,,,,,,,,,,,,,,,,,,,,,,
technical-generalization-20261006-v1,validation,VALIDATION,A,A_legacy_vote,2454,BLOCKED_MISSING_DATA,bb33789d701531525188641636d5bf2a4a3bbba3ea2be4fddd408695b632d6bc,2025-01-01,2025-06-30,,,,,,,,,,,,,,,,,,,,,,,,
technical-generalization-20261006-v1,validation,VALIDATION,A,A_legacy_vote,2317,BLOCKED_MISSING_DATA,bb33789d701531525188641636d5bf2a4a3bbba3ea2be4fddd408695b632d6bc,2025-01-01,2025-06-30,,,,,,,,,,,,,,,,,,,,,,,,
technical-generalization-20261006-v1,validation,VALIDATION,A,A_legacy_vote,2382,BLOCKED_MISSING_DATA,bb33789d701531525188641636d5bf2a4a3bbba3ea2be4fddd408695b632d6bc,2025-01-01,2025-06-30,,,,,,,,,,,,,,,,,,,,,,,,
technical-generalization-20261006-v1,validation,VALIDATION,B,B_ma_10_30_120,2303,BLOCKED_MISSING_DATA,5e3d17b3aef57906ef9990894d211f2b0a6707f54fb5158aa0e7746d8e2ff5c8,2025-01-01,2025-06-30,,,,,,,,,,,,,,,,,,,,,,,,
technical-generalization-20261006-v1,validation,VALIDATION,B,B_ma_10_30_120,2330,BLOCKED_MISSING_DATA,5e3d17b3aef57906ef9990894d211f2b0a6707f54fb5158aa0e7746d8e2ff5c8,2025-01-01,2025-06-30,,,,,,,,,,,,,,,,,,,,,,,,
technical-generalization-20261006-v1,validation,VALIDATION,B,B_ma_10_30_120,2454,BLOCKED_MISSING_DATA,5e3d17b3aef57906ef9990894d211f2b0a6707f54fb5158aa0e7746d8e2ff5c8,2025-01-01,2025-06-30,,,,,,,,,,,,,,,,,,,,,,,,
technical-generalization-20261006-v1,validation,VALIDATION,B,B_ma_10_30_120,2317,BLOCKED_MISSING_DATA,5e3d17b3aef57906ef9990894d211f2b0a6707f54fb5158aa0e7746d8e2ff5c8,2025-01-01,2025-06-30,,,,,,,,,,,,,,,,,,,,,,,,
technical-generalization-20261006-v1,validation,VALIDATION,B,B_ma_10_30_120,2382,BLOCKED_MISSING_DATA,5e3d17b3aef57906ef9990894d211f2b0a6707f54fb5158aa0e7746d8e2ff5c8,2025-01-01,2025-06-30,,,,,,,,,,,,,,,,,,,,,,,,
technical-generalization-20261006-v1,validation,VALIDATION,B,B_ma_20_60_240,2303,BLOCKED_MISSING_DATA,42429bf42939f4e290e5a1dc292def3553f556f48ca76d934a88a901b70f7c55,2025-01-01,2025-06-30,,,,,,,,,,,,,,,,,,,,,,,,
technical-generalization-20261006-v1,validation,VALIDATION,B,B_ma_20_60_240,2330,BLOCKED_MISSING_DATA,42429bf42939f4e290e5a1dc292def3553f556f48ca76d934a88a901b70f7c55,2025-01-01,2025-06-30,,,,,,,,,,,,,,,,,,,,,,,,
technical-generalization-20261006-v1,validation,VALIDATION,B,B_ma_20_60_240,2454,BLOCKED_MISSING_DATA,42429bf42939f4e290e5a1dc292def3553f556f48ca76d934a88a901b70f7c55,2025-01-01,2025-06-30,,,,,,,,,,,,,,,,,,,,,,,,
technical-generalization-20261006-v1,validation,VALIDATION,B,B_ma_20_60_240,2317,BLOCKED_MISSING_DATA,42429bf42939f4e290e5a1dc292def3553f556f48ca76d934a88a901b70f7c55,2025-01-01,2025-06-30,,,,,,,,,,,,,,,,,,,,,,,,
technical-generalization-20261006-v1,validation,VALIDATION,B,B_ma_20_60_240,2382,BLOCKED_MISSING_DATA,42429bf42939f4e290e5a1dc292def3553f556f48ca76d934a88a901b70f7c55,2025-01-01,2025-06-30,,,,,,,,,,,,,,,,,,,,,,,,
technical-generalization-20261006-v1,validation,VALIDATION,B,B_rsi_50_65,2303,BLOCKED_MISSING_DATA,f4cc1361f27756b078b2505df27e6d687cec6c0f7c79656330305e6bebb84bc1,2025-01-01,2025-06-30,,,,,,,,,,,,,,,,,,,,,,,,
technical-generalization-20261006-v1,validation,VALIDATION,B,B_rsi_50_65,2330,BLOCKED_MISSING_DATA,f4cc1361f27756b078b2505df27e6d687cec6c0f7c79656330305e6bebb84bc1,2025-01-01,2025-06-30,,,,,,,,,,,,,,,,,,,,,,,,
technical-generalization-20261006-v1,validation,VALIDATION,B,B_rsi_50_65,2454,BLOCKED_MISSING_DATA,f4cc1361f27756b078b2505df27e6d687cec6c0f7c79656330305e6bebb84bc1,2025-01-01,2025-06-30,,,,,,,,,,,,,,,,,,,,,,,,
technical-generalization-20261006-v1,validation,VALIDATION,B,B_rsi_50_65,2317,BLOCKED_MISSING_DATA,f4cc1361f27756b078b2505df27e6d687cec6c0f7c79656330305e6bebb84bc1,2025-01-01,2025-06-30,,,,,,,,,,,,,,,,,,,,,,,,
technical-generalization-20261006-v1,validation,VALIDATION,B,B_rsi_50_65,2382,BLOCKED_MISSING_DATA,f4cc1361f27756b078b2505df27e6d687cec6c0f7c79656330305e6bebb84bc1,2025-01-01,2025-06-30,,,,,,,,,,,,,,,,,,,,,,,,
technical-generalization-20261006-v1,validation,VALIDATION,B,B_rsi_55_70,2303,BLOCKED_MISSING_DATA,cd0d2e7fc4459978735789e917737305f267a64e419a72adbd6814f57728a987,2025-01-01,2025-06-30,,,,,,,,,,,,,,,,,,,,,,,,
technical-generalization-20261006-v1,validation,VALIDATION,B,B_rsi_55_70,2330,BLOCKED_MISSING_DATA,cd0d2e7fc4459978735789e917737305f267a64e419a72adbd6814f57728a987,2025-01-01,2025-06-30,,,,,,,,,,,,,,,,,,,,,,,,
technical-generalization-20261006-v1,validation,VALIDATION,B,B_rsi_55_70,2454,BLOCKED_MISSING_DATA,cd0d2e7fc4459978735789e917737305f267a64e419a72adbd6814f57728a987,2025-01-01,2025-06-30,,,,,,,,,,,,,,,,,,,,,,,,
technical-generalization-20261006-v1,validation,VALIDATION,B,B_rsi_55_70,2317,BLOCKED_MISSING_DATA,cd0d2e7fc4459978735789e917737305f267a64e419a72adbd6814f57728a987,2025-01-01,2025-06-30,,,,,,,,,,,,,,,,,,,,,,,,
technical-generalization-20261006-v1,validation,VALIDATION,B,B_rsi_55_70,2382,BLOCKED_MISSING_DATA,cd0d2e7fc4459978735789e917737305f267a64e419a72adbd6814f57728a987,2025-01-01,2025-06-30,,,,,,,,,,,,,,,,,,,,,,,,
technical-generalization-20261006-v1,validation,VALIDATION,B,B_macd_12_26_9,2303,BLOCKED_MISSING_DATA,e16bd6cd0a3d223859913b5be627456875d3d04c86c2cba194faa86e1c4a8997,2025-01-01,2025-06-30,,,,,,,,,,,,,,,,,,,,,,,,
technical-generalization-20261006-v1,validation,VALIDATION,B,B_macd_12_26_9,2330,BLOCKED_MISSING_DATA,e16bd6cd0a3d223859913b5be627456875d3d04c86c2cba194faa86e1c4a8997,2025-01-01,2025-06-30,,,,,,,,,,,,,,,,,,,,,,,,
technical-generalization-20261006-v1,validation,VALIDATION,B,B_macd_12_26_9,2454,BLOCKED_MISSING_DATA,e16bd6cd0a3d223859913b5be627456875d3d04c86c2cba194faa86e1c4a8997,2025-01-01,2025-06-30,,,,,,,,,,,,,,,,,,,,,,,,
technical-generalization-20261006-v1,validation,VALIDATION,B,B_macd_12_26_9,2317,BLOCKED_MISSING_DATA,e16bd6cd0a3d223859913b5be627456875d3d04c86c2cba194faa86e1c4a8997,2025-01-01,2025-06-30,,,,,,,,,,,,,,,,,,,,,,,,
technical-generalization-20261006-v1,validation,VALIDATION,B,B_macd_12_26_9,2382,BLOCKED_MISSING_DATA,e16bd6cd0a3d223859913b5be627456875d3d04c86c2cba194faa86e1c4a8997,2025-01-01,2025-06-30,,,,,,,,,,,,,,,,,,,,,,,,
technical-generalization-20261006-v1,validation,VALIDATION,B,B_macd_19_39_9,2303,BLOCKED_MISSING_DATA,55e2568558d22feb3f317ba7396f490747ad2dc2586d3d5d3465c2f82cb031f4,2025-01-01,2025-06-30,,,,,,,,,,,,,,,,,,,,,,,,
technical-generalization-20261006-v1,validation,VALIDATION,B,B_macd_19_39_9,2330,BLOCKED_MISSING_DATA,55e2568558d22feb3f317ba7396f490747ad2dc2586d3d5d3465c2f82cb031f4,2025-01-01,2025-06-30,,,,,,,,,,,,,,,,,,,,,,,,
technical-generalization-20261006-v1,validation,VALIDATION,B,B_macd_19_39_9,2454,BLOCKED_MISSING_DATA,55e2568558d22feb3f317ba7396f490747ad2dc2586d3d5d3465c2f82cb031f4,2025-01-01,2025-06-30,,,,,,,,,,,,,,,,,,,,,,,,
technical-generalization-20261006-v1,validation,VALIDATION,B,B_macd_19_39_9,2317,BLOCKED_MISSING_DATA,55e2568558d22feb3f317ba7396f490747ad2dc2586d3d5d3465c2f82cb031f4,2025-01-01,2025-06-30,,,,,,,,,,,,,,,,,,,,,,,,
technical-generalization-20261006-v1,validation,VALIDATION,B,B_macd_19_39_9,2382,BLOCKED_MISSING_DATA,55e2568558d22feb3f317ba7396f490747ad2dc2586d3d5d3465c2f82cb031f4,2025-01-01,2025-06-30,,,,,,,,,,,,,,,,,,,,,,,,
technical-generalization-20261006-v1,validation,VALIDATION,C,C_vote_2_of_3,2303,BLOCKED_MISSING_DATA,1ca2e60838fcd119116712ad37a6028f291108426f3c17757d9b69fb95fd5e3b,2025-01-01,2025-06-30,,,,,,,,,,,,,,,,,,,,,,,,
technical-generalization-20261006-v1,validation,VALIDATION,C,C_vote_2_of_3,2330,BLOCKED_MISSING_DATA,1ca2e60838fcd119116712ad37a6028f291108426f3c17757d9b69fb95fd5e3b,2025-01-01,2025-06-30,,,,,,,,,,,,,,,,,,,,,,,,
technical-generalization-20261006-v1,validation,VALIDATION,C,C_vote_2_of_3,2454,BLOCKED_MISSING_DATA,1ca2e60838fcd119116712ad37a6028f291108426f3c17757d9b69fb95fd5e3b,2025-01-01,2025-06-30,,,,,,,,,,,,,,,,,,,,,,,,
technical-generalization-20261006-v1,validation,VALIDATION,C,C_vote_2_of_3,2317,BLOCKED_MISSING_DATA,1ca2e60838fcd119116712ad37a6028f291108426f3c17757d9b69fb95fd5e3b,2025-01-01,2025-06-30,,,,,,,,,,,,,,,,,,,,,,,,
technical-generalization-20261006-v1,validation,VALIDATION,C,C_vote_2_of_3,2382,BLOCKED_MISSING_DATA,1ca2e60838fcd119116712ad37a6028f291108426f3c17757d9b69fb95fd5e3b,2025-01-01,2025-06-30,,,,,,,,,,,,,,,,,,,,,,,,
technical-generalization-20261006-v1,validation,VALIDATION,C,C_vote_3_of_3,2303,BLOCKED_MISSING_DATA,610371d0b76f57029a319d9a13d5fe6d848ba9549def2c9229d1fafa7b4b171b,2025-01-01,2025-06-30,,,,,,,,,,,,,,,,,,,,,,,,
technical-generalization-20261006-v1,validation,VALIDATION,C,C_vote_3_of_3,2330,BLOCKED_MISSING_DATA,610371d0b76f57029a319d9a13d5fe6d848ba9549def2c9229d1fafa7b4b171b,2025-01-01,2025-06-30,,,,,,,,,,,,,,,,,,,,,,,,
technical-generalization-20261006-v1,validation,VALIDATION,C,C_vote_3_of_3,2454,BLOCKED_MISSING_DATA,610371d0b76f57029a319d9a13d5fe6d848ba9549def2c9229d1fafa7b4b171b,2025-01-01,2025-06-30,,,,,,,,,,,,,,,,,,,,,,,,
technical-generalization-20261006-v1,validation,VALIDATION,C,C_vote_3_of_3,2317,BLOCKED_MISSING_DATA,610371d0b76f57029a319d9a13d5fe6d848ba9549def2c9229d1fafa7b4b171b,2025-01-01,2025-06-30,,,,,,,,,,,,,,,,,,,,,,,,
technical-generalization-20261006-v1,validation,VALIDATION,C,C_vote_3_of_3,2382,BLOCKED_MISSING_DATA,610371d0b76f57029a319d9a13d5fe6d848ba9549def2c9229d1fafa7b4b171b,2025-01-01,2025-06-30,,,,,,,,,,,,,,,,,,,,,,,,
technical-generalization-20261006-v1,development_seen,DEVELOPMENT_SEEN,A,A_legacy_vote,2303,BLOCKED_MISSING_DATA,bb33789d701531525188641636d5bf2a4a3bbba3ea2be4fddd408695b632d6bc,2026-01-01,2026-06-30,,,,,,,,,,,,,,,,,,,,,,,,
technical-generalization-20261006-v1,development_seen,DEVELOPMENT_SEEN,A,A_legacy_vote,2330,BLOCKED_MISSING_DATA,bb33789d701531525188641636d5bf2a4a3bbba3ea2be4fddd408695b632d6bc,2026-01-01,2026-06-30,,,,,,,,,,,,,,,,,,,,,,,,
technical-generalization-20261006-v1,development_seen,DEVELOPMENT_SEEN,A,A_legacy_vote,2454,BLOCKED_MISSING_DATA,bb33789d701531525188641636d5bf2a4a3bbba3ea2be4fddd408695b632d6bc,2026-01-01,2026-06-30,,,,,,,,,,,,,,,,,,,,,,,,
technical-generalization-20261006-v1,development_seen,DEVELOPMENT_SEEN,A,A_legacy_vote,2317,BLOCKED_MISSING_DATA,bb33789d701531525188641636d5bf2a4a3bbba3ea2be4fddd408695b632d6bc,2026-01-01,2026-06-30,,,,,,,,,,,,,,,,,,,,,,,,
technical-generalization-20261006-v1,development_seen,DEVELOPMENT_SEEN,A,A_legacy_vote,2382,BLOCKED_MISSING_DATA,bb33789d701531525188641636d5bf2a4a3bbba3ea2be4fddd408695b632d6bc,2026-01-01,2026-06-30,,,,,,,,,,,,,,,,,,,,,,,,
technical-generalization-20261006-v1,development_seen,DEVELOPMENT_SEEN,B,B_ma_10_30_120,2303,BLOCKED_MISSING_DATA,5e3d17b3aef57906ef9990894d211f2b0a6707f54fb5158aa0e7746d8e2ff5c8,2026-01-01,2026-06-30,,,,,,,,,,,,,,,,,,,,,,,,
technical-generalization-20261006-v1,development_seen,DEVELOPMENT_SEEN,B,B_ma_10_30_120,2330,BLOCKED_MISSING_DATA,5e3d17b3aef57906ef9990894d211f2b0a6707f54fb5158aa0e7746d8e2ff5c8,2026-01-01,2026-06-30,,,,,,,,,,,,,,,,,,,,,,,,
technical-generalization-20261006-v1,development_seen,DEVELOPMENT_SEEN,B,B_ma_10_30_120,2454,BLOCKED_MISSING_DATA,5e3d17b3aef57906ef9990894d211f2b0a6707f54fb5158aa0e7746d8e2ff5c8,2026-01-01,2026-06-30,,,,,,,,,,,,,,,,,,,,,,,,
technical-generalization-20261006-v1,development_seen,DEVELOPMENT_SEEN,B,B_ma_10_30_120,2317,BLOCKED_MISSING_DATA,5e3d17b3aef57906ef9990894d211f2b0a6707f54fb5158aa0e7746d8e2ff5c8,2026-01-01,2026-06-30,,,,,,,,,,,,,,,,,,,,,,,,
technical-generalization-20261006-v1,development_seen,DEVELOPMENT_SEEN,B,B_ma_10_30_120,2382,BLOCKED_MISSING_DATA,5e3d17b3aef57906ef9990894d211f2b0a6707f54fb5158aa0e7746d8e2ff5c8,2026-01-01,2026-06-30,,,,,,,,,,,,,,,,,,,,,,,,
technical-generalization-20261006-v1,development_seen,DEVELOPMENT_SEEN,B,B_ma_20_60_240,2303,BLOCKED_MISSING_DATA,42429bf42939f4e290e5a1dc292def3553f556f48ca76d934a88a901b70f7c55,2026-01-01,2026-06-30,,,,,,,,,,,,,,,,,,,,,,,,
technical-generalization-20261006-v1,development_seen,DEVELOPMENT_SEEN,B,B_ma_20_60_240,2330,BLOCKED_MISSING_DATA,42429bf42939f4e290e5a1dc292def3553f556f48ca76d934a88a901b70f7c55,2026-01-01,2026-06-30,,,,,,,,,,,,,,,,,,,,,,,,
technical-generalization-20261006-v1,development_seen,DEVELOPMENT_SEEN,B,B_ma_20_60_240,2454,BLOCKED_MISSING_DATA,42429bf42939f4e290e5a1dc292def3553f556f48ca76d934a88a901b70f7c55,2026-01-01,2026-06-30,,,,,,,,,,,,,,,,,,,,,,,,
technical-generalization-20261006-v1,development_seen,DEVELOPMENT_SEEN,B,B_ma_20_60_240,2317,BLOCKED_MISSING_DATA,42429bf42939f4e290e5a1dc292def3553f556f48ca76d934a88a901b70f7c55,2026-01-01,2026-06-30,,,,,,,,,,,,,,,,,,,,,,,,
technical-generalization-20261006-v1,development_seen,DEVELOPMENT_SEEN,B,B_ma_20_60_240,2382,BLOCKED_MISSING_DATA,42429bf42939f4e290e5a1dc292def3553f556f48ca76d934a88a901b70f7c55,2026-01-01,2026-06-30,,,,,,,,,,,,,,,,,,,,,,,,
technical-generalization-20261006-v1,development_seen,DEVELOPMENT_SEEN,B,B_rsi_50_65,2303,BLOCKED_MISSING_DATA,f4cc1361f27756b078b2505df27e6d687cec6c0f7c79656330305e6bebb84bc1,2026-01-01,2026-06-30,,,,,,,,,,,,,,,,,,,,,,,,
technical-generalization-20261006-v1,development_seen,DEVELOPMENT_SEEN,B,B_rsi_50_65,2330,BLOCKED_MISSING_DATA,f4cc1361f27756b078b2505df27e6d687cec6c0f7c79656330305e6bebb84bc1,2026-01-01,2026-06-30,,,,,,,,,,,,,,,,,,,,,,,,
technical-generalization-20261006-v1,development_seen,DEVELOPMENT_SEEN,B,B_rsi_50_65,2454,BLOCKED_MISSING_DATA,f4cc1361f27756b078b2505df27e6d687cec6c0f7c79656330305e6bebb84bc1,2026-01-01,2026-06-30,,,,,,,,,,,,,,,,,,,,,,,,
technical-generalization-20261006-v1,development_seen,DEVELOPMENT_SEEN,B,B_rsi_50_65,2317,BLOCKED_MISSING_DATA,f4cc1361f27756b078b2505df27e6d687cec6c0f7c79656330305e6bebb84bc1,2026-01-01,2026-06-30,,,,,,,,,,,,,,,,,,,,,,,,
technical-generalization-20261006-v1,development_seen,DEVELOPMENT_SEEN,B,B_rsi_50_65,2382,BLOCKED_MISSING_DATA,f4cc1361f27756b078b2505df27e6d687cec6c0f7c79656330305e6bebb84bc1,2026-01-01,2026-06-30,,,,,,,,,,,,,,,,,,,,,,,,
technical-generalization-20261006-v1,development_seen,DEVELOPMENT_SEEN,B,B_rsi_55_70,2303,BLOCKED_MISSING_DATA,cd0d2e7fc4459978735789e917737305f267a64e419a72adbd6814f57728a987,2026-01-01,2026-06-30,,,,,,,,,,,,,,,,,,,,,,,,
technical-generalization-20261006-v1,development_seen,DEVELOPMENT_SEEN,B,B_rsi_55_70,2330,BLOCKED_MISSING_DATA,cd0d2e7fc4459978735789e917737305f267a64e419a72adbd6814f57728a987,2026-01-01,2026-06-30,,,,,,,,,,,,,,,,,,,,,,,,
technical-generalization-20261006-v1,development_seen,DEVELOPMENT_SEEN,B,B_rsi_55_70,2454,BLOCKED_MISSING_DATA,cd0d2e7fc4459978735789e917737305f267a64e419a72adbd6814f57728a987,2026-01-01,2026-06-30,,,,,,,,,,,,,,,,,,,,,,,,
technical-generalization-20261006-v1,development_seen,DEVELOPMENT_SEEN,B,B_rsi_55_70,2317,BLOCKED_MISSING_DATA,cd0d2e7fc4459978735789e917737305f267a64e419a72adbd6814f57728a987,2026-01-01,2026-06-30,,,,,,,,,,,,,,,,,,,,,,,,
technical-generalization-20261006-v1,development_seen,DEVELOPMENT_SEEN,B,B_rsi_55_70,2382,BLOCKED_MISSING_DATA,cd0d2e7fc4459978735789e917737305f267a64e419a72adbd6814f57728a987,2026-01-01,2026-06-30,,,,,,,,,,,,,,,,,,,,,,,,
technical-generalization-20261006-v1,development_seen,DEVELOPMENT_SEEN,B,B_macd_12_26_9,2303,BLOCKED_MISSING_DATA,e16bd6cd0a3d223859913b5be627456875d3d04c86c2cba194faa86e1c4a8997,2026-01-01,2026-06-30,,,,,,,,,,,,,,,,,,,,,,,,
technical-generalization-20261006-v1,development_seen,DEVELOPMENT_SEEN,B,B_macd_12_26_9,2330,BLOCKED_MISSING_DATA,e16bd6cd0a3d223859913b5be627456875d3d04c86c2cba194faa86e1c4a8997,2026-01-01,2026-06-30,,,,,,,,,,,,,,,,,,,,,,,,
technical-generalization-20261006-v1,development_seen,DEVELOPMENT_SEEN,B,B_macd_12_26_9,2454,BLOCKED_MISSING_DATA,e16bd6cd0a3d223859913b5be627456875d3d04c86c2cba194faa86e1c4a8997,2026-01-01,2026-06-30,,,,,,,,,,,,,,,,,,,,,,,,
technical-generalization-20261006-v1,development_seen,DEVELOPMENT_SEEN,B,B_macd_12_26_9,2317,BLOCKED_MISSING_DATA,e16bd6cd0a3d223859913b5be627456875d3d04c86c2cba194faa86e1c4a8997,2026-01-01,2026-06-30,,,,,,,,,,,,,,,,,,,,,,,,
technical-generalization-20261006-v1,development_seen,DEVELOPMENT_SEEN,B,B_macd_12_26_9,2382,BLOCKED_MISSING_DATA,e16bd6cd0a3d223859913b5be627456875d3d04c86c2cba194faa86e1c4a8997,2026-01-01,2026-06-30,,,,,,,,,,,,,,,,,,,,,,,,
technical-generalization-20261006-v1,development_seen,DEVELOPMENT_SEEN,B,B_macd_19_39_9,2303,BLOCKED_MISSING_DATA,55e2568558d22feb3f317ba7396f490747ad2dc2586d3d5d3465c2f82cb031f4,2026-01-01,2026-06-30,,,,,,,,,,,,,,,,,,,,,,,,
technical-generalization-20261006-v1,development_seen,DEVELOPMENT_SEEN,B,B_macd_19_39_9,2330,BLOCKED_MISSING_DATA,55e2568558d22feb3f317ba7396f490747ad2dc2586d3d5d3465c2f82cb031f4,2026-01-01,2026-06-30,,,,,,,,,,,,,,,,,,,,,,,,
technical-generalization-20261006-v1,development_seen,DEVELOPMENT_SEEN,B,B_macd_19_39_9,2454,BLOCKED_MISSING_DATA,55e2568558d22feb3f317ba7396f490747ad2dc2586d3d5d3465c2f82cb031f4,2026-01-01,2026-06-30,,,,,,,,,,,,,,,,,,,,,,,,
technical-generalization-20261006-v1,development_seen,DEVELOPMENT_SEEN,B,B_macd_19_39_9,2317,BLOCKED_MISSING_DATA,55e2568558d22feb3f317ba7396f490747ad2dc2586d3d5d3465c2f82cb031f4,2026-01-01,2026-06-30,,,,,,,,,,,,,,,,,,,,,,,,
technical-generalization-20261006-v1,development_seen,DEVELOPMENT_SEEN,B,B_macd_19_39_9,2382,BLOCKED_MISSING_DATA,55e2568558d22feb3f317ba7396f490747ad2dc2586d3d5d3465c2f82cb031f4,2026-01-01,2026-06-30,,,,,,,,,,,,,,,,,,,,,,,,
technical-generalization-20261006-v1,development_seen,DEVELOPMENT_SEEN,C,C_vote_2_of_3,2303,BLOCKED_MISSING_DATA,1ca2e60838fcd119116712ad37a6028f291108426f3c17757d9b69fb95fd5e3b,2026-01-01,2026-06-30,,,,,,,,,,,,,,,,,,,,,,,,
technical-generalization-20261006-v1,development_seen,DEVELOPMENT_SEEN,C,C_vote_2_of_3,2330,BLOCKED_MISSING_DATA,1ca2e60838fcd119116712ad37a6028f291108426f3c17757d9b69fb95fd5e3b,2026-01-01,2026-06-30,,,,,,,,,,,,,,,,,,,,,,,,
technical-generalization-20261006-v1,development_seen,DEVELOPMENT_SEEN,C,C_vote_2_of_3,2454,BLOCKED_MISSING_DATA,1ca2e60838fcd119116712ad37a6028f291108426f3c17757d9b69fb95fd5e3b,2026-01-01,2026-06-30,,,,,,,,,,,,,,,,,,,,,,,,
technical-generalization-20261006-v1,development_seen,DEVELOPMENT_SEEN,C,C_vote_2_of_3,2317,BLOCKED_MISSING_DATA,1ca2e60838fcd119116712ad37a6028f291108426f3c17757d9b69fb95fd5e3b,2026-01-01,2026-06-30,,,,,,,,,,,,,,,,,,,,,,,,
technical-generalization-20261006-v1,development_seen,DEVELOPMENT_SEEN,C,C_vote_2_of_3,2382,BLOCKED_MISSING_DATA,1ca2e60838fcd119116712ad37a6028f291108426f3c17757d9b69fb95fd5e3b,2026-01-01,2026-06-30,,,,,,,,,,,,,,,,,,,,,,,,
technical-generalization-20261006-v1,development_seen,DEVELOPMENT_SEEN,C,C_vote_3_of_3,2303,BLOCKED_MISSING_DATA,610371d0b76f57029a319d9a13d5fe6d848ba9549def2c9229d1fafa7b4b171b,2026-01-01,2026-06-30,,,,,,,,,,,,,,,,,,,,,,,,
technical-generalization-20261006-v1,development_seen,DEVELOPMENT_SEEN,C,C_vote_3_of_3,2330,BLOCKED_MISSING_DATA,610371d0b76f57029a319d9a13d5fe6d848ba9549def2c9229d1fafa7b4b171b,2026-01-01,2026-06-30,,,,,,,,,,,,,,,,,,,,,,,,
technical-generalization-20261006-v1,development_seen,DEVELOPMENT_SEEN,C,C_vote_3_of_3,2454,BLOCKED_MISSING_DATA,610371d0b76f57029a319d9a13d5fe6d848ba9549def2c9229d1fafa7b4b171b,2026-01-01,2026-06-30,,,,,,,,,,,,,,,,,,,,,,,,
technical-generalization-20261006-v1,development_seen,DEVELOPMENT_SEEN,C,C_vote_3_of_3,2317,BLOCKED_MISSING_DATA,610371d0b76f57029a319d9a13d5fe6d848ba9549def2c9229d1fafa7b4b171b,2026-01-01,2026-06-30,,,,,,,,,,,,,,,,,,,,,,,,
technical-generalization-20261006-v1,development_seen,DEVELOPMENT_SEEN,C,C_vote_3_of_3,2382,BLOCKED_MISSING_DATA,610371d0b76f57029a319d9a13d5fe6d848ba9549def2c9229d1fafa7b4b171b,2026-01-01,2026-06-30,,,,,,,,,,,,,,,,,,,,,,,,
