dataset_id,stock_code,stock_name,industry,test_start,test_end,participated_in_development,results_viewed,influenced_strategy,current_classification,clean_validation_eligible,report_location,result_location,experiment_ids,notes
dev-2026h1-2303,2303,聯電,半導體,2026-01-01,2026-06-30,true,true,true,development,false,reports/2303,多個exports實驗,cross_stock_validation_v1|six-strategy-logic-20260926-v1|macd-vote-trade-failure-20260926-v1|early-followthrough-20260926-v1|ml-baseline-20260927-v1,原六檔開發資料
dev-2026h1-2330,2330,台積電,半導體,2026-01-01,2026-06-30,true,true,true,development,false,reports/2330,多個exports實驗,cross_stock_validation_v1|six-strategy-logic-20260926-v1|macd-vote-trade-failure-20260926-v1|early-followthrough-20260926-v1|ml-baseline-20260927-v1,原六檔開發資料
dev-2026h1-2881,2881,富邦金,金融,2026-01-01,2026-06-30,true,true,true,development,false,reports/2881,多個exports實驗,cross_stock_validation_v1|six-strategy-logic-20260926-v1|macd-vote-trade-failure-20260926-v1|early-followthrough-20260926-v1|ml-baseline-20260927-v1,原六檔開發資料
dev-2026h1-2882,2882,國泰金,金融,2026-01-01,2026-06-30,true,true,true,development,false,reports/2882,多個exports實驗,cross_stock_validation_v1|six-strategy-logic-20260926-v1|macd-vote-trade-failure-20260926-v1|early-followthrough-20260926-v1|ml-baseline-20260927-v1,原六檔開發資料
dev-2026h1-2412,2412,中華電,通信,2026-01-01,2026-06-30,true,true,true,development,false,reports/2412,多個exports實驗,cross_stock_validation_v1|six-strategy-logic-20260926-v1|macd-vote-trade-failure-20260926-v1|early-followthrough-20260926-v1|ml-baseline-20260927-v1,原六檔開發資料
dev-2026h1-2002,2002,中鋼,鋼鐵,2026-01-01,2026-06-30,true,true,true,development,false,reports/2002,多個exports實驗,cross_stock_validation_v1|six-strategy-logic-20260926-v1|macd-vote-trade-failure-20260926-v1|early-followthrough-20260926-v1|ml-baseline-20260927-v1,原六檔開發資料
seen-2026q3-2454,2454,聯發科,半導體,2026-07-01,2026-09-24,true,true,true,validation_seen,false,reports/2454,exports/regime_validation_latest.json|exports/routing_simulation_latest.json,market_routing_validation_v2,曾跑過且看過結果
seen-2026q3-2891,2891,中信金,金融,2026-07-01,2026-09-24,true,true,true,validation_seen,false,reports/2891,exports/regime_validation_latest.json|exports/routing_simulation_latest.json,market_routing_validation_v2,曾跑過且看過結果
seen-2026q3-3045,3045,台灣大,通信,2026-07-01,2026-09-24,true,true,true,validation_seen,false,reports/3045,exports/regime_validation_latest.json|exports/routing_simulation_latest.json,market_routing_validation_v2,曾跑過且看過結果
seen-2026q3-4904,4904,遠傳,通信,2026-07-01,2026-09-24,true,true,true,validation_seen,false,reports/4904,exports/regime_validation_latest.json|exports/routing_simulation_latest.json,market_routing_validation_v2,曾跑過且看過結果
seen-2026q3-1301,1301,台塑,塑膠,2026-07-01,2026-09-24,true,true,true,validation_seen,false,reports/1301,exports/regime_validation_latest.json|exports/routing_simulation_latest.json,market_routing_validation_v2,曾跑過且看過結果
seen-2026q3-2603,2603,長榮,航運,2026-07-01,2026-09-24,true,true,true,validation_seen,false,reports/2603,exports/regime_validation_latest.json|exports/routing_simulation_latest.json,market_routing_validation_v2,曾跑過且看過結果
seen-cleanrun-2317,2317,鴻海,其他電子,2026-01-01,2026-06-30,false,true,true,validation_seen,false,reports未產生,exports/clean_validation_20260926/results.json,clean-validation-20260926|ml-baseline-20260927-v1,首次clean validation已完成並查看；不可再作獨立驗證
seen-cleanrun-2382,2382,廣達,電腦及週邊設備,2026-01-01,2026-06-30,false,true,true,validation_seen,false,reports未產生,exports/clean_validation_20260926/results.json,clean-validation-20260926|ml-baseline-20260927-v1,首次clean validation已完成並查看；不可再作獨立驗證
seen-cleanrun-2886,2886,兆豐金,金融,2026-01-01,2026-06-30,false,true,true,validation_seen,false,reports未產生,exports/clean_validation_20260926/results.json,clean-validation-20260926|ml-baseline-20260927-v1,首次clean validation已完成並查看；不可再作獨立驗證
seen-cleanrun-2884,2884,玉山金,金融,2026-01-01,2026-06-30,false,true,true,validation_seen,false,reports未產生,exports/clean_validation_20260926/results.json,clean-validation-20260926|ml-baseline-20260927-v1,首次clean validation已完成並查看；不可再作獨立驗證
seen-cleanrun-1216,1216,統一,食品,2026-01-01,2026-06-30,false,true,true,validation_seen,false,reports未產生,exports/clean_validation_20260926/results.json,clean-validation-20260926|ml-baseline-20260927-v1,首次clean validation已完成並查看；不可再作獨立驗證
seen-cleanrun-1101,1101,台泥,水泥,2026-01-01,2026-06-30,false,true,true,validation_seen,false,reports未產生,exports/clean_validation_20260926/results.json,clean-validation-20260926|ml-baseline-20260927-v1,首次clean validation已完成並查看；不可再作獨立驗證
seen-cleanrun-2207,2207,和泰車,汽車,2026-01-01,2026-06-30,false,true,true,validation_seen,false,reports未產生,exports/clean_validation_20260926/results.json,clean-validation-20260926|ml-baseline-20260927-v1,首次clean validation已完成並查看；不可再作獨立驗證
seen-cleanrun-6505,6505,台塑化,油電燃氣,2026-01-01,2026-06-30,false,true,true,validation_seen,false,reports未產生,exports/clean_validation_20260926/results.json,clean-validation-20260926|ml-baseline-20260927-v1,首次clean validation已完成並查看；不可再作獨立驗證
holdout-2025h2-unassigned,UNASSIGNED,最終保留資料,待最終測試前凍結,2025-07-01,2025-12-31,false,false,false,holdout_locked,false,,configs/holdout_policy.json,,access=forbidden；不得讀取或產生結果
