experiment_id,strategy,variant,test_start,test_end,dataset_role,stock_codes,status,decision,report_file,result_file,holdout_used,notes
cross_stock_validation_v1,all_six,fixed_v1,2026-01-01,2026-06-30,development_seen,2303|2330|2881|2882|2412|2002,completed,DEVELOPMENT_BASELINE,exports/cross_stock_dashboard_latest.html,exports/cross_stock_dashboard_latest.json,false,已看過並影響後續研究
market_routing_validation_v2,multiple,market_routing,2026-07-01,2026-09-24,final_out_of_sample_locked_historical_access,2454|2891|3045|4904|1301|2603,completed,SEEN_ONLY,exports/regime_validation_latest.html,exports/regime_validation_latest.json,false,結果已查看；不能作clean validation
risk-ablation-20260926-v1,breakout,risk_component_ablation,2026-01-01,2026-06-30,development_seen,2303|2330|2881|2882|2412|2002,completed,ARCHIVED_RESEARCH,exports/risk_ablation_latest.html,exports/risk_ablation/results.json,false,保留全部成功失敗拆項
entry-exit-improvement-20260926-v1,all_six,entry_exit_components,2026-01-01,2026-06-30,development_seen,2303|2330|2881|2882|2412|2002,completed,ARCHIVED_RESEARCH,exports/entry_exit_improvement_latest.html,exports/entry_exit_improvement/results.json,false,開發資料探索結果
six-strategy-logic-20260926-v1,macd,previous_daily_trend_filter,2026-01-01,2026-06-30,development_seen,2303|2330|2881|2882|2412|2002,completed,RESEARCH_CANDIDATE_BASELINE,exports/six_strategy_logic_latest.html,exports/six_strategy_logic/results.json,false,已凍結；下一步只做clean validation
six-strategy-logic-20260926-v1,vote,previous_daily_trend_filter,2026-01-01,2026-06-30,development_seen,2303|2330|2881|2882|2412|2002,completed,RESEARCH_CANDIDATE,exports/six_strategy_logic_latest.html,exports/six_strategy_logic/results.json,false,後續早期延續版已凍結
macd-vote-trade-failure-20260926-v1,macd|vote,candidate_trade_diagnosis,2026-01-01,2026-06-30,development_seen,2303|2330|2881|2882|2412|2002,completed,DIAGNOSIS_ONLY,exports/trade_failure_diagnosis_latest.html,exports/trade_failure_diagnosis/diagnosis.json,false,沒有修改策略
early-followthrough-20260926-v1,macd,K1_close_above_K0_high_then_K2_open,2026-01-01,2026-06-30,development_seen,2303|2330|2881|2882|2412|2002,completed,REJECTED,exports/early_followthrough_latest.html,exports/early_followthrough/results.json,false,交易86降至19；平均3.96%降至-1.81%；PF1.35降至0.50
early-followthrough-20260926-v1,vote,K1_close_above_K0_high_then_K2_open,2026-01-01,2026-06-30,development_seen,2303|2330|2881|2882|2412|2002,completed,FROZEN_RESEARCH_CANDIDATE,exports/early_followthrough_latest.html,exports/early_followthrough/results.json,false,平均9.70%；中位數1.25%；2412與2002樣本不足
clean-validation-20260926,macd,previous_daily_trend_filter_frozen,2026-01-01,2026-06-30,development_seen,2317|2382|2886|2884|1216|1101|2207|6505,completed_consumed,FAIL,exports/clean_validation_latest.html,exports/clean_validation_20260926/results.json,false,原本為clean validation；第一次查看後已轉seen；不得重跑調參
clean-validation-20260926,vote,previous_daily_trend_plus_early_followthrough_frozen,2026-01-01,2026-06-30,development_seen,2317|2382|2886|2884|1216|1101|2207|6505,completed_consumed,FAIL,exports/clean_validation_latest.html,exports/clean_validation_20260926/results.json,false,原本為clean validation；第一次查看後已轉seen；不得重跑調參
ml-baseline-20260927-v1,machine_learning,random_forest|xgboost|gru,2026-01-01,2026-06-30,development_seen,1101|1216|2002|2207|2303|2317|2330|2382|2412|2881|2882|2884|2886|6505,completed,BASELINE_ONLY_NOT_INDEPENDENT_VALIDATION,exports/ml_baseline_latest.html,exports/ml_baseline_20260927/results.json,false,固定target特徵切分與單組參數；GRU測試F1與AUC最高；Holdout未使用
news-context-ui-20260928,none,news_display_only,2026-01-01,2026-06-30,development_seen,2303,completed,UI_ONLY,,,false,新增最新與回測期間新聞及Gemini標題摘要；非策略實驗；無行情下載或回測；保留期間封鎖；未修改策略或分類
ml-trading-20261003-v1,machine_learning,random_forest|xgboost|gru_three_day_swing_fixed_thresholds,2026-01-01,2026-06-30,development_seen,2303|2330|2412|2881|2882|2002,completed,BASELINE_NOT_READY_FOR_FUSION,exports/ml_trading_v1_latest.html,exports/ml_trading_v1_20261003/results.json,false,固定規則完成；測試 AUC 約0.507至0.533且未穩定優於買進持有；不得依本次測試結果調門檻；保留期間未使用
ml-trading-diagnosis-20261004-v1,machine_learning,current_v1_signal_distribution_and_risk_metrics,2026-01-01,2026-06-30,development_seen,2303|2330|2412|2881|2882|2002,completed,CAUSE_IDENTIFIED_BINARY_LABEL_AND_FIXED_THRESHOLDS,exports/ml_trading_diagnosis_latest.html,exports/ml_trading_diagnosis_20261004/diagnostics.json,false,V1二元Label把HOLD與SELL合併；固定0.60門檻造成RF 2檔、XGB 3檔、GRU 4檔零買進；未改模型；保留期間未使用
ml-trading-20261004-v2,machine_learning,cost_aware_buy_hold_sell_labels,2026-01-01,2026-06-30,development_seen,2303|2330|2412|2881|2882|2002,completed,PARTIAL_IMPROVEMENT_NOT_READY,exports/ml_trading_v2_latest.html,exports/ml_trading_v2_20261004/results.json,false,RF與GRU六檔皆有交易；RF平均6.24%且3/6獲利；XGB仍1檔零交易；全模型未穩定超越Buy & Hold；保留期間未使用
ml-trading-20261004-v3,machine_learning,market_structure_feature_enrichment,2026-01-01,2026-06-30,development_seen,2303|2330|2412|2881|2882|2002,completed,GRU_STABILITY_IMPROVED_NOT_READY,exports/ml_trading_v3_latest.html,exports/ml_trading_v3_20261004/results.json,false,GRU 6/6有交易、5/6獲利、平均3.35%、中位1.38%、報酬標準差4.55；2412僅1筆且未穩定超越Buy & Hold；RF與XGB未一致改善；保留期間未使用
technical-generalization-20261006-v1,technical_indicator,A|B|C_training_walk_forward,2023-01-01,2024-12-31,training,2303|2330|2454|2317|2382,blocked_missing_market_data,NOT_RUN,docs/技術指標跨科技股過擬合診斷_20261006.md,exports/technical_generalization_audit.json,false,共用參數與三個時間fold已預先登記；本機行情尚缺
technical-generalization-20261006-v1,technical_indicator,A|B|C_frozen_validation,2025-01-01,2025-06-30,validation,2303|2330|2454|2317|2382,blocked_missing_market_data,NOT_RUN,exports/technical_generalization_report.html,exports/technical_generalization_audit.json,false,只允許Training凍結候選；不得依單一股票反覆修改
technical-generalization-20261006-v1,technical_indicator,A|B|C_development_seen_context,2026-01-01,2026-06-30,development_seen,2303|2330|2454|2317|2382,blocked_missing_market_data,NOT_RUN,exports/technical_generalization_report.html,exports/technical_generalization_audit.json,false,只作歷史補充；與Training和Validation分開報告
