model,split,stock_code,samples,positive_rate,accuracy,precision,recall,f1,roc_auc
random_forest,validation,1101,540,0.35,0.6111111111111112,0.45248868778280543,0.5291005291005291,0.4878048780487805,0.589954626991664
random_forest,validation,1216,540,0.3907407407407407,0.5777777777777777,0.4608294930875576,0.47393364928909953,0.4672897196261682,0.5790201529840534
random_forest,validation,2002,540,0.38333333333333336,0.6296296296296297,0.5271317829457365,0.3285024154589372,0.40476190476190477,0.6515065790428108
random_forest,validation,2207,49,0.6122448979591837,0.4489795918367347,0.6666666666666666,0.2,0.3076923076923077,0.5035087719298246
random_forest,validation,2303,540,0.38333333333333336,0.6055555555555555,0.48872180451127817,0.6280193236714976,0.5496828752642706,0.6947527237382309
random_forest,validation,2317,540,0.3907407407407407,0.4740740740740741,0.3622641509433962,0.4549763033175355,0.40336134453781514,0.4705916247713162
random_forest,validation,2330,540,0.42407407407407405,0.5925925925925926,0.5235602094240838,0.4366812227074236,0.47619047619047616,0.6347042221878993
random_forest,validation,2382,540,0.42777777777777776,0.5277777777777778,0.45555555555555555,0.5324675324675324,0.49101796407185627,0.5103601899718405
random_forest,validation,2412,540,0.18333333333333332,0.8074074074074075,0.4603174603174603,0.29292929292929293,0.35802469135802467,0.8335738335738336
random_forest,validation,2881,540,0.3962962962962963,0.4722222222222222,0.3422222222222222,0.3598130841121495,0.35079726651480636,0.4817240983888538
random_forest,validation,2882,540,0.3888888888888889,0.5333333333333333,0.40707964601769914,0.4380952380952381,0.42201834862385323,0.5352380952380953
random_forest,validation,2884,540,0.3592592592592593,0.5777777777777777,0.41414141414141414,0.422680412371134,0.41836734693877553,0.5398963113044515
random_forest,validation,2886,540,0.3648148148148148,0.5537037037037037,0.4009009009009009,0.4517766497461929,0.42482100238663484,0.541578487812819
random_forest,validation,6505,540,0.44814814814814813,0.5296296296296297,0.4772727272727273,0.5206611570247934,0.4980237154150198,0.5434854955904376
random_forest,test,1101,558,0.33154121863799285,0.557347670250896,0.345,0.372972972972973,0.35844155844155845,0.539366712557061
random_forest,test,1216,558,0.31899641577060933,0.5878136200716846,0.35555555555555557,0.3595505617977528,0.3575418994413408,0.5030751034890597
random_forest,test,2002,558,0.2956989247311828,0.5824372759856631,0.3229166666666667,0.37575757575757573,0.3473389355742297,0.578687639756342
random_forest,test,2207,282,0.48936170212765956,0.5106382978723404,0.5,0.4782608695652174,0.4888888888888889,0.5062399355877617
random_forest,test,2303,558,0.34946236559139787,0.578853046594982,0.40476190476190477,0.4358974358974359,0.41975308641975306,0.5898989898989899
random_forest,test,2317,558,0.3046594982078853,0.4946236559139785,0.31699346405228757,0.5705882352941176,0.40756302521008403,0.5311249241964827
random_forest,test,2330,558,0.4283154121863799,0.47491039426523296,0.40625,0.4895397489539749,0.444022770398482,0.4782859616216996
random_forest,test,2382,558,0.36917562724014336,0.4946236559139785,0.3805031446540881,0.587378640776699,0.4618320610687023,0.5353320829655781
random_forest,test,2412,558,0.23476702508960573,0.7455197132616488,0.44660194174757284,0.3511450381679389,0.39316239316239315,0.7147862774192394
random_forest,test,2881,558,0.37455197132616486,0.53584229390681,0.37623762376237624,0.36363636363636365,0.36982968369829683,0.5046270273234532
random_forest,test,2882,558,0.3817204301075269,0.5268817204301075,0.4152823920265781,0.5868544600938967,0.48638132295719844,0.5414302238552086
random_forest,test,2884,558,0.35125448028673834,0.507168458781362,0.36789297658862874,0.5612244897959183,0.4444444444444444,0.49305164054572104
random_forest,test,2886,558,0.3673835125448029,0.532258064516129,0.4,0.5463414634146342,0.4618556701030928,0.5297174048227735
random_forest,test,6505,540,0.4888888888888889,0.48703703703703705,0.48,0.5909090909090909,0.5297113752122241,0.4662659200702679
xgboost,validation,1101,540,0.35,0.6592592592592592,0.5409836065573771,0.1746031746031746,0.264,0.5997075626705256
xgboost,validation,1216,540,0.3907407407407407,0.5981481481481481,0.42857142857142855,0.08530805687203792,0.1422924901185771,0.5833705469684093
xgboost,validation,2002,540,0.38333333333333336,0.6259259259259259,0.6666666666666666,0.04830917874396135,0.09009009009009009,0.7158752955854406
xgboost,validation,2207,49,0.6122448979591837,0.40816326530612246,1.0,0.03333333333333333,0.06451612903225806,0.49122807017543857
xgboost,validation,2303,540,0.38333333333333336,0.6833333333333333,0.6451612903225806,0.3864734299516908,0.48338368580060426,0.7201404302853577
xgboost,validation,2317,540,0.3907407407407407,0.587037037037037,0.375,0.08530805687203792,0.138996138996139,0.5140955646148748
xgboost,validation,2330,540,0.42407407407407405,0.5796296296296296,0.5454545454545454,0.05240174672489083,0.09561752988047809,0.670719892163608
xgboost,validation,2382,540,0.42777777777777776,0.5481481481481482,0.4084507042253521,0.12554112554112554,0.19205298013245034,0.4942770282576108
xgboost,validation,2412,540,0.18333333333333332,0.8203703703703704,0.75,0.030303030303030304,0.05825242718446602,0.8170136741565313
xgboost,validation,2881,540,0.3962962962962963,0.5518518518518518,0.3,0.09813084112149532,0.14788732394366197,0.4689238002408118
xgboost,validation,2882,540,0.3888888888888889,0.6111111111111112,0.5,0.11428571428571428,0.18604651162790697,0.5221645021645022
xgboost,validation,2884,540,0.3592592592592593,0.6388888888888888,0.4838709677419355,0.07731958762886598,0.13333333333333333,0.555583695846493
xgboost,validation,2886,540,0.3648148148148148,0.6388888888888888,0.525,0.1065989847715736,0.17721518987341772,0.5941010196682008
xgboost,validation,6505,540,0.44814814814814813,0.5555555555555556,0.5166666666666667,0.128099173553719,0.2052980132450331,0.5424039048200122
xgboost,test,1101,558,0.33154121863799285,0.6344086021505376,0.27906976744186046,0.06486486486486487,0.10526315789473684,0.5414390261575248
xgboost,test,1216,558,0.31899641577060933,0.6612903225806451,0.3103448275862069,0.05056179775280899,0.08695652173913043,0.5045978710821999
xgboost,test,2002,558,0.2956989247311828,0.6881720430107527,0.32,0.048484848484848485,0.08421052631578947,0.6336340504279435
xgboost,test,2207,282,0.48936170212765956,0.5,0.46511627906976744,0.14492753623188406,0.22099447513812154,0.5318538647342995
xgboost,test,2303,558,0.34946236559139787,0.6164874551971327,0.3956043956043956,0.18461538461538463,0.2517482517482518,0.5848838030656213
xgboost,test,2317,558,0.3046594982078853,0.6559139784946236,0.3625,0.17058823529411765,0.232,0.5436476652516676
xgboost,test,2330,558,0.4283154121863799,0.5394265232974911,0.359375,0.09623430962343096,0.15181518151815182,0.5019740034889364
xgboost,test,2382,558,0.36917562724014336,0.6021505376344086,0.4069767441860465,0.16990291262135923,0.23972602739726026,0.576001213592233
xgboost,test,2412,558,0.23476702508960573,0.7580645161290323,0.3333333333333333,0.030534351145038167,0.055944055944055944,0.6843949443123514
xgboost,test,2881,558,0.37455197132616486,0.6111111111111112,0.34615384615384615,0.0430622009569378,0.07659574468085106,0.5580948986166901
xgboost,test,2882,558,0.3817204301075269,0.6164874551971327,0.4927536231884058,0.1596244131455399,0.24113475177304963,0.608804517928829
xgboost,test,2884,558,0.35125448028673834,0.6182795698924731,0.3559322033898305,0.10714285714285714,0.16470588235294117,0.5366867741571767
xgboost,test,2886,558,0.3673835125448029,0.6272401433691757,0.47692307692307695,0.15121951219512195,0.22962962962962963,0.5350100186554274
xgboost,test,6505,540,0.4888888888888889,0.5203703703703704,0.5384615384615384,0.13257575757575757,0.2127659574468085,0.50683465085639
gru,validation,1101,540,0.35,0.524074074074074,0.37943262411347517,0.5661375661375662,0.4543524416135881,0.5709914228432746
gru,validation,1216,540,0.3907407407407407,0.4981481481481482,0.4117647058823529,0.6635071090047393,0.5081669691470054,0.5550785807920022
gru,validation,2002,540,0.38333333333333336,0.6648148148148149,0.5503875968992248,0.6859903381642513,0.610752688172043,0.7073160116638377
gru,validation,2207,49,0.6122448979591837,0.5714285714285714,0.6666666666666666,0.6,0.631578947368421,0.5473684210526317
gru,validation,2303,540,0.38333333333333336,0.65,0.5338345864661654,0.6859903381642513,0.6004228329809725,0.7140183661922793
gru,validation,2317,540,0.3907407407407407,0.5092592592592593,0.3884297520661157,0.44549763033175355,0.41501103752759383,0.5068785202898342
gru,validation,2330,540,0.42407407407407405,0.6166666666666667,0.5679012345679012,0.4017467248908297,0.47058823529411764,0.633861750375602
gru,validation,2382,540,0.42777777777777776,0.5537037037037037,0.48148148148148145,0.5627705627705628,0.5189620758483033,0.5477941691533924
gru,validation,2412,540,0.18333333333333332,0.7555555555555555,0.40782122905027934,0.7373737373737373,0.5251798561151079,0.8163036258274353
gru,validation,2881,540,0.3962962962962963,0.5462962962962963,0.44483985765124556,0.5841121495327103,0.5050505050505051,0.5619947250731037
gru,validation,2882,540,0.3888888888888889,0.5407407407407407,0.42213114754098363,0.49047619047619045,0.45374449339207046,0.525981240981241
gru,validation,2884,540,0.3592592592592593,0.5777777777777777,0.43253968253968256,0.5618556701030928,0.48878923766816146,0.597863655324474
gru,validation,2886,540,0.3648148148148148,0.5685185185185185,0.43283582089552236,0.5888324873096447,0.4989247311827957,0.5591747939204689
gru,validation,6505,540,0.44814814814814813,0.5185185185185185,0.46808510638297873,0.5454545454545454,0.5038167938931297,0.5443313550391037
gru,test,1101,558,0.33154121863799285,0.5878136200716846,0.41818181818181815,0.6216216216216216,0.5,0.6270125353235273
gru,test,1216,558,0.31899641577060933,0.557347670250896,0.34801762114537443,0.4438202247191011,0.39012345679012345,0.5193968066232998
gru,test,2002,558,0.2956989247311828,0.6164874551971327,0.4109090909090909,0.6848484848484848,0.5136363636363637,0.65264862364099
gru,test,2207,282,0.48936170212765956,0.4716312056737589,0.46540880503144655,0.5362318840579711,0.4983164983164983,0.48731884057971014
gru,test,2303,558,0.34946236559139787,0.5949820788530465,0.4478114478114478,0.6820512820512821,0.540650406504065,0.6334392879847425
gru,test,2317,558,0.3046594982078853,0.5591397849462365,0.35039370078740156,0.5235294117647059,0.419811320754717,0.5621285627653123
gru,test,2330,558,0.4283154121863799,0.5734767025089605,0.5019305019305019,0.5439330543933054,0.5220883534136547,0.5775632533676105
gru,test,2382,558,0.36917562724014336,0.5286738351254481,0.39325842696629215,0.5097087378640777,0.4439746300211416,0.5229065533980582
gru,test,2412,558,0.23476702508960573,0.7419354838709677,0.4496124031007752,0.44274809160305345,0.4461538461538462,0.6601355095911472
gru,test,2881,558,0.37455197132616486,0.5609318996415771,0.4296875,0.5263157894736842,0.4731182795698925,0.5729425151835045
gru,test,2882,558,0.3817204301075269,0.6146953405017921,0.496,0.5821596244131455,0.5356371490280778,0.6621351296182895
gru,test,2884,558,0.35125448028673834,0.5483870967741935,0.39473684210526316,0.5357142857142857,0.45454545454545453,0.5728943511106099
gru,test,2886,558,0.3673835125448029,0.5376344086021505,0.3789954337899543,0.40487804878048783,0.3915094339622642,0.5492157811096525
gru,test,6505,540,0.4888888888888889,0.512962962962963,0.5019305019305019,0.49242424242424243,0.497131931166348,0.5587944664031621
