股票代號,股票名稱,策略,交易品質,進場時間,出場時間,進場時段,進場價格,出場價格,淨損益,報酬率,毛損益,交易成本,持有K棒數,最高完成收盤浮盈,盤中最高浮盈,最大盤中浮虧,最高浮盈時間,進場後幾根出現最高浮盈,浮盈吐回比例,浮盈吐回報酬百分點,浮盈吐回金額,出場原因,日線趨勢成立,成交量比,距趨勢均線,趨勢均線斜率比,MACD交叉位置,MACD與訊號線差距占價格,前三棒最大延續,第三棒相對進場,進場前12棒區間,進場前12棒報酬,可能位於盤整區,可能接近短期高點,失敗分類,已確認證據,推測線索
2303,聯電,MACD修改版,失敗交易,2026-04-17 09:10:00,2026-04-17 13:00:00,09:00～10:00,72.8,72.6,-516.095,-0.007089217032967034,-200.0,316.095,46,0.026098901098901228,0.027472527472527375,-0.013736263736263687,2026-04-17 09:35:00,5,1.1052631578947358,0.028846153846153966,2100.0000000000086,technical_exit,True,6.749846937131441,0.1641868615862312,0.009548304559598562,零軸上方,0.005066556208967917,0.015109890109890278,0.004120879120879106,0.07829670329670334,0.06588579795021965,False,False,有明顯浮盈但吐回大部分獲利｜一般技術訊號出場,最高浮盈至少1%且吐回至少50%；成交訊號紀錄,
2303,聯電,MACD修改版,失敗交易,2026-05-19 09:10:00,2026-05-19 10:40:00,09:00～10:00,117.5,114.5,-2812.3870500000003,-0.029807234042553196,-2409.0,403.38705000000004,18,0.017021276595744705,0.025531914893617058,-0.029787234042553234,2026-05-19 09:40:00,6,2.5,0.042553191489361764,4015.000000000006,stop_loss,True,4.941408011808602,0.09486916547419,0.009560609664325852,零軸上方,0.0039196377278106626,-0.004255319148936176,-0.004255319148936176,0.06837606837606838,0.049327354260089606,False,False,有明顯浮盈但吐回大部分獲利｜固定停損出場,最高浮盈至少1%且吐回至少50%；成交訊號紀錄,
2303,聯電,MACD修改版,成功交易,2026-05-25 09:15:00,2026-05-26 12:25:00,09:00～10:00,119.0,129.0,7129.892,0.07781176470588234,7700.0,570.1080000000001,93,0.11764705882352944,0.12184873949579833,-0.008403361344537785,2026-05-26 09:15:00,55,0.28571428571428653,0.03361344537815136,3080.0000000000095,technical_exit,True,4.9102629773168776,0.049826315499273965,0.001764413975629057,零軸上方,0.0027697113069571296,0.004201680672268893,0.0,0.0546218487394958,0.034782608695652195,False,False,一般技術訊號出場,成交訊號紀錄,
2303,聯電,MACD修改版,失敗交易,2026-05-28 10:05:00,2026-05-28 11:25:00,10:00～11:30,148.5,144.5,-3072.524325,-0.031207239057239055,-2652.0,420.524325,16,0.010101010101010166,0.01683501683501687,-0.03367003367003363,2026-05-28 10:05:00,0,3.6666666666666483,0.03703703703703709,3646.5000000000055,stop_loss,True,1.8931735219532164,0.15641071399600914,0.021788153604049378,零軸上方,0.0025681497403399066,0.010101010101010166,-0.006734006734006703,0.050505050505050504,0.020618556701030855,False,False,有明顯浮盈但吐回大部分獲利｜固定停損出場,最高浮盈至少1%且吐回至少50%；成交訊號紀錄,
2303,聯電,MACD修改版,失敗交易,2026-06-01 10:00:00,2026-06-01 11:55:00,10:00～11:30,149.5,147.5,-1689.8195249999999,-0.017688795986622072,-1278.0,411.819525,23,0.02341137123745818,0.04013377926421402,-0.02006688963210701,2026-06-01 10:20:00,4,1.5714285714285714,0.03678929765886285,3514.4999999999977,technical_exit,True,1.4349570867155759,0.07517247558462503,0.014440163665143411,零軸上方,0.0016108501903258343,0.02006688963210701,0.010033444816053505,0.06666666666666667,0.013513513513513598,False,False,有明顯浮盈但吐回大部分獲利｜一般技術訊號出場,最高浮盈至少1%且吐回至少50%；成交訊號紀錄,
2303,聯電,MACD修改版,失敗交易,2026-06-16 09:40:00,2026-06-16 10:20:00,09:00～10:00,143.5,141.0,-2038.460775,-0.021720644599303136,-1635.0,403.460775,8,-0.0034843205574912606,0.006968641114982521,-0.027874564459930307,2026-06-16 09:40:00,0,0.0,0.013937282229965153,1307.9999999999998,technical_exit,True,0.7654597306956428,0.09777671527611753,0.009865327914574808,零軸上方,0.0007030685698802073,-0.0034843205574912606,-0.006968641114982632,0.027874564459930314,0.01773049645390068,False,False,進場後幾乎沒有有效浮盈｜一般技術訊號出場｜進場後短時間內立刻反向,最高完成收盤浮盈低於0.6%；成交訊號紀錄；前三根完成K棒跌幅至少0.5%且未出現0.6%浮盈,
2303,聯電,MACD修改版,失敗交易,2026-06-25 10:35:00,2026-06-26 09:05:00,10:00～11:30,180.5,169.0,-6365.0640875,-0.06927998614958449,-5853.5,511.5640875,37,-0.0027700831024930483,0.0027700831024930483,-0.06925207756232687,2026-06-25 11:20:00,9,0.0,0.06094182825484762,5598.999999999997,stop_loss,True,1.5814972694434457,0.10682439510462705,0.023889215360637782,零軸上方,0.0017752375758193592,-0.013850415512465353,-0.0166204986149584,0.04709141274238227,0.022662889518413554,False,False,進場後幾乎沒有有效浮盈｜固定停損出場｜進場後短時間內立刻反向,最高完成收盤浮盈低於0.6%；成交訊號紀錄；前三根完成K棒跌幅至少0.5%且未出現0.6%浮盈,
2330,台積電,MACD修改版,成功交易,2026-02-10 09:10:00,2026-02-23 11:20:00,09:00～10:00,1870.0,1915.0,1693.06875,0.0181076871657754,2250.0,556.93125,136,0.03475935828876997,0.03475935828876997,-0.005347593582887722,2026-02-23 09:40:00,116,0.30769230769230327,0.010695187165775222,999.9999999999833,technical_exit,True,4.910781066353243,0.04520366100747575,0.002328885162672671,零軸上方,0.001715404869510959,0.002673796791443861,-0.002673796791443861,0.029411764705882353,0.024657534246575352,False,True,一般技術訊號出場｜進場太晚，可能接近短期高點,成交訊號紀錄,進場前12棒漲幅≥1.5%且收盤距前高≤0.3%
2881,富邦金,MACD修改版,失敗交易,2026-04-28 10:25:00,2026-04-28 13:15:00,10:00～11:30,88.8,88.9,-286.5725,-0.0032271677927927928,100.0,386.5725,34,0.0045045045045044585,0.0045045045045044585,-0.0011261261261260591,2026-04-28 11:45:00,16,0.7499999999999877,0.0033783783783782884,299.999999999992,technical_exit,True,0.56907299416851,0.005923583413966371,0.0009345573832394428,零軸上方,0.0003654547687655592,0.0011261261261261701,0.0,0.007882882882882915,0.004524886877828038,True,False,進場後幾乎沒有有效浮盈｜一般技術訊號出場｜價差為正但被成本轉成淨虧損｜盤整行情造成的假訊號,最高完成收盤浮盈低於0.6%；成交訊號紀錄；毛損益正且淨損益非正,進場前12棒區間≤1.5%且趨勢斜率絕對值≤0.2%
2881,富邦金,MACD修改版,失敗交易,2026-04-29 09:10:00,2026-04-30 12:15:00,09:00～10:00,90.7,91.0,-231.9225,-0.002557028665931643,300.0,531.9225,92,0.011025358324145529,0.012127894156560126,-0.005512679162072764,2026-04-30 09:55:00,64,0.7000000000000081,0.007717750826901959,700.0000000000077,technical_exit,True,5.083266183185603,0.02675731833151951,0.0009281901234916505,零軸上方,0.0015026154467136096,0.0022050716648291946,0.0,0.024229074889867874,0.021372328458942436,False,True,有明顯浮盈但吐回大部分獲利｜一般技術訊號出場｜價差為正但被成本轉成淨虧損｜進場太晚，可能接近短期高點,最高浮盈至少1%且吐回至少50%；成交訊號紀錄；毛損益正且淨損益非正,進場前12棒漲幅≥1.5%且收盤距前高≤0.3%
2881,富邦金,MACD修改版,失敗交易,2026-05-08 09:30:00,2026-05-11 09:10:00,09:00～10:00,95.7,95.9,-355.67977999998845,-0.003769383490073023,197.20000000001164,552.87978,51,0.012539184952978122,0.012539184952978122,-0.004179728317659448,2026-05-08 12:50:00,40,0.8333333333333393,0.010449320794148509,986.0000000000123,technical_exit,True,1.14863518629209,0.031993415104778045,0.003503847935698353,零軸上方,0.0007373291282643592,0.0010449320794148065,-0.002089864158829724,0.016736401673640256,0.010570824524312794,False,False,有明顯浮盈但吐回大部分獲利｜一般技術訊號出場｜價差為正但被成本轉成淨虧損,最高浮盈至少1%且吐回至少50%；成交訊號紀錄；毛損益正且淨損益非正,
2881,富邦金,MACD修改版,成功交易,2026-05-27 09:10:00,2026-05-28 11:40:00,09:00～10:00,106.0,108.0,1216.12135,0.012934433962264149,1774.0,557.87865,85,0.04716981132075482,0.05660377358490565,-0.004716981132075526,2026-05-28 09:00:00,53,0.600000000000001,0.028301886792452935,2661.00000000001,technical_exit,True,1.9516336506303062,0.0931544639289108,0.006789245491382366,零軸上方,0.0019648013857277873,0.009433962264151052,0.009433962264151052,0.04245283018867924,0.029126213592232997,False,True,有明顯浮盈但吐回大部分獲利｜一般技術訊號出場｜進場太晚，可能接近短期高點,最高浮盈至少1%且吐回至少50%；成交訊號紀錄,進場前12棒漲幅≥1.5%且收盤距前高≤0.3%
2881,富邦金,MACD修改版,成功交易,2026-06-02 09:35:00,2026-06-03 10:55:00,09:00～10:00,111.5,113.0,717.4476375,0.007543385650224215,1279.5,562.0523625000001,71,0.03139013452914807,0.04035874439461873,-0.022421524663677084,2026-06-03 09:55:00,59,0.5714285714285714,0.017937219730941756,1706.000000000005,technical_exit,True,0.5217947771296364,0.03219860607107883,0.008044851487049405,零軸上方,0.0007956232498795618,0.0,0.0,0.026785714285714284,0.013574660633484115,False,False,有明顯浮盈但吐回大部分獲利｜一般技術訊號出場,最高浮盈至少1%且吐回至少50%；成交訊號紀錄,
2881,富邦金,MACD修改版,失敗交易,2026-06-05 09:50:00,2026-06-08 09:05:00,09:00～10:00,115.0,113.5,-1804.3717125,-0.01883576086956522,-1249.5,554.8717125000001,46,0.034782608695652195,0.034782608695652195,-0.02608695652173909,2026-06-05 12:15:00,29,1.3750000000000009,0.047826086956521796,4581.5000000000055,technical_exit,True,0.6908398371858545,0.030927835051546504,0.003660540863588807,零軸上方,0.0013543466743478388,0.004347826086956497,0.004347826086956497,0.02608695652173913,0.00877192982456143,False,False,有明顯浮盈但吐回大部分獲利｜一般技術訊號出場,最高浮盈至少1%且吐回至少50%；成交訊號紀錄,
2882,國泰金,MACD修改版,失敗交易,2026-04-22 09:10:00,2026-04-22 10:15:00,09:00～10:00,75.7,75.1,-927.54,-0.012252840158520475,-600.0,327.53999999999996,13,-0.0013210039630120463,0.0013210039630118242,-0.009247027741083214,2026-04-22 09:20:00,2,0.0,0.006605019815059454,500.0000000000007,technical_exit,True,0.5202776762879064,0.02274643849016722,0.003631784296749341,零軸上方,0.0005326479691699408,-0.0013210039630120463,-0.0013210039630120463,0.010554089709762496,0.007978723404255206,False,False,進場後幾乎沒有有效浮盈｜一般技術訊號出場,最高完成收盤浮盈低於0.6%；成交訊號紀錄,
2882,國泰金,MACD修改版,失敗交易,2026-06-01 10:05:00,2026-06-02 09:10:00,10:00～11:30,87.7,87.9,-313.93,-0.0035795895096921325,200.0,513.9300000000001,44,0.01710376282782211,0.019384264538198526,-0.007981755986317007,2026-06-01 12:05:00,24,0.8666666666666589,0.014823261117445696,1299.9999999999877,technical_exit,True,0.6927225218213153,0.044949509993744474,0.007054699989078061,零軸上方,0.0012851142072354213,0.0,-0.0022805017103763037,0.028506271379703532,0.01740139211136893,False,True,有明顯浮盈但吐回大部分獲利｜一般技術訊號出場｜價差為正但被成本轉成淨虧損｜進場太晚，可能接近短期高點,最高浮盈至少1%且吐回至少50%；成交訊號紀錄；毛損益正且淨損益非正,進場前12棒漲幅≥1.5%且收盤距前高≤0.3%
2882,國泰金,MACD修改版,失敗交易,2026-06-05 09:05:00,2026-06-08 09:10:00,09:00～10:00,95.9,96.1,-353.21440000001746,-0.0037737226277374126,195.19999999998254,548.4143999999999,56,0.042752867570385655,0.042752867570385655,-0.02294056308654857,2026-06-05 13:30:00,52,0.951219512195127,0.04066736183524511,3806.400000000006,technical_exit,True,2.860797095469923,0.06845423231544845,0.010491425812621235,零軸上方,0.0012677504504705218,-0.012513034410844615,-0.019812304483837417,0.026068821689259645,0.021299254526091493,False,True,有明顯浮盈但吐回大部分獲利｜一般技術訊號出場｜價差為正但被成本轉成淨虧損｜進場後短時間內立刻反向｜進場太晚，可能接近短期高點,最高浮盈至少1%且吐回至少50%；成交訊號紀錄；毛損益正且淨損益非正；前三根完成K棒跌幅至少0.5%且未出現0.6%浮盈,進場前12棒漲幅≥1.5%且收盤距前高≤0.3%
2412,中華電,MACD修改版,失敗交易,2026-06-02 09:55:00,2026-06-03 09:20:00,09:00～10:00,141.5,141.5,-554.60925,-0.005849999999999999,0.0,554.60925,48,0.007067137809187329,0.007067137809187329,-0.0035335689045936647,2026-06-02 12:00:00,25,1.0,0.007067137809187329,670.0000000000048,technical_exit,True,1.9878385848535103,0.025965229171370563,0.002874990592308326,零軸上方,0.00040929730928294385,0.0035335689045936647,0.0035335689045936647,0.014084507042253521,0.01067615658362997,False,False,一般技術訊號出場,成交訊號紀錄,
2002,中鋼,MACD修改版,失敗交易,2026-02-25 10:00:00,2026-02-26 09:15:00,10:00～11:30,20.95,20.75,-321.6725,-0.015354295942720765,-200.0,121.6725,46,0.014319809069212486,0.014319809069212486,-0.011933174224343701,2026-02-25 13:30:00,41,1.6666666666666614,0.023866348448687402,500.00000000000114,technical_exit,True,2.8071938830455543,0.019912578921806645,0.001578436134045598,零軸上方,0.0011127807170620292,0.0,-0.004773269689737347,0.023809523809523808,0.016949152542373058,False,True,有明顯浮盈但吐回大部分獲利｜一般技術訊號出場｜進場太晚，可能接近短期高點,最高浮盈至少1%且吐回至少50%；成交訊號紀錄,進場前12棒漲幅≥1.5%且收盤距前高≤0.3%
2303,聯電,三指標多數決修改版,成功交易,2026-04-17 10:00:00,2026-04-20 13:15:00,10:00～11:30,73.9,77.3,2952.64,0.03995453315290934,3400.0,447.36,94,0.0757780784844384,0.08525033829499318,-0.0243572395128554,2026-04-20 10:35:00,62,0.39285714285714296,0.02976995940460081,2200.0,technical_exit,True,0.6030444571390168,0.17308569954560804,0.013069561018843672,零軸上方,0.0019053664706414927,-0.008119079837618504,-0.009472259810554884,0.09742895805142086,0.03356643356643363,False,False,一般技術訊號出場｜進場後短時間內立刻反向,成交訊號紀錄；前三根完成K棒跌幅至少0.5%且未出現0.6%浮盈,
2303,聯電,三指標多數決修改版,成功交易,2026-04-30 09:55:00,2026-05-08 09:35:00,09:00～10:00,77.6,96.1,17964.177499999998,0.23149713273195874,18500.0,535.8225,271,0.2719072164948455,0.27319587628865993,-0.01675257731958757,2026-05-08 09:10:00,266,0.12322274881516619,0.03350515463917536,2600.0000000000077,technical_exit,True,0.2903523057218529,0.04608644367680492,0.003841941191338927,零軸上方,0.0001242945620496836,0.0038659793814435073,0.002577319587628857,0.08247422680412379,0.041610738255033475,False,False,一般技術訊號出場,成交訊號紀錄,
2303,聯電,三指標多數決修改版,成功交易,2026-05-12 09:05:00,2026-05-13 09:30:00,09:00～10:00,96.0,97.6,1031.3200000000002,0.010742916666666668,1600.0,568.6800000000001,60,0.08854166666666674,0.08854166666666674,-0.017708333333333326,2026-05-12 10:50:00,21,0.8117647058823537,0.07187500000000013,6900.000000000013,technical_exit,True,4.406275474450466,0.03399528778189165,0.011937619207898586,零軸上方,0.0010664344763109577,0.007291666666666696,-0.0031249999999999334,0.027083333333333275,0.015873015873015817,False,False,有明顯浮盈但吐回大部分獲利｜一般技術訊號出場,最高浮盈至少1%且吐回至少50%；成交訊號紀錄,
2303,聯電,三指標多數決修改版,成功交易,2026-05-14 09:30:00,2026-05-15 12:40:00,09:00～10:00,104.5,109.5,4366.549999999999,0.04178516746411483,5000.0,633.45,93,0.1148325358851674,0.1291866028708133,-0.014354066985645897,2026-05-15 09:25:00,54,0.5833333333333328,0.06698564593301426,6999.99999999999,technical_exit,True,3.401088302191,0.08037321983958079,0.0029033953356135504,零軸上方,0.004415034018297867,0.009569377990430672,0.0,0.0650717703349282,0.0544904137235116,False,False,有明顯浮盈但吐回大部分獲利｜一般技術訊號出場,最高浮盈至少1%且吐回至少50%；成交訊號紀錄,
2303,聯電,三指標多數決修改版,失敗交易,2026-05-18 11:25:00,2026-05-18 12:25:00,10:00～11:30,113.0,110.5,-2984.2375,-0.026409181415929205,-2500.0,484.2375,12,0.004424778761061843,0.008849557522123908,-0.02212389380530977,2026-05-18 11:30:00,1,6.000000000000125,0.02654867256637161,2999.999999999992,technical_exit,True,1.0161169330090245,0.07020666195754699,0.015252023408797628,零軸上方,0.0002926600219344873,0.004424778761061843,0.004424778761061843,0.02654867256637168,0.004444444444444473,False,False,進場後幾乎沒有有效浮盈｜一般技術訊號出場,最高完成收盤浮盈低於0.6%；成交訊號紀錄,
2303,聯電,三指標多數決修改版,失敗交易,2026-05-19 09:10:00,2026-05-19 11:55:00,09:00～10:00,117.5,113.0,-4972.9726875,-0.04253585106382978,-4477.5,495.4726875,33,0.017021276595744705,0.025531914893617058,-0.04255319148936165,2026-05-19 09:40:00,6,3.25,0.05531914893617029,6467.50000000001,stop_loss,True,4.941408011808602,0.09486916547419,0.009560609664325852,零軸上方,0.0039196377278106626,-0.004255319148936176,-0.004255319148936176,0.06837606837606838,0.049327354260089606,False,False,有明顯浮盈但吐回大部分獲利｜固定停損出場,最高浮盈至少1%且吐回至少50%；成交訊號紀錄,
2303,聯電,三指標多數決修改版,失敗交易,2026-05-21 09:55:00,2026-05-22 09:45:00,09:00～10:00,114.5,113.5,-1632.0919999999999,-0.014544978165938863,-980.0,652.0919999999999,53,0.026200873362445476,0.04366812227074246,-0.013100436681222738,2026-05-21 11:05:00,14,1.3333333333333333,0.03493449781659397,3920.0000000000086,technical_exit,True,0.9237269090745651,0.02333029214068927,0.0023460628968291165,零軸上方,0.002830335326198737,-0.004366812227074246,-0.004366812227074246,0.056768558951965066,0.06018518518518512,False,True,有明顯浮盈但吐回大部分獲利｜一般技術訊號出場｜進場太晚，可能接近短期高點,最高浮盈至少1%且吐回至少50%；成交訊號紀錄,進場前12棒漲幅≥1.5%且收盤距前高≤0.3%
2303,聯電,三指標多數決修改版,成功交易,2026-05-25 09:15:00,2026-05-28 11:40:00,09:00～10:00,119.0,140.0,18796.16025,0.16983970588235295,19530.0,733.8397500000001,194,0.26050420168067223,0.26890756302521,-0.008403361344537785,2026-05-28 10:05:00,175,0.3225806451612901,0.08403361344537807,9299.99999999999,technical_exit,True,4.9102629773168776,0.049826315499273965,0.001764413975629057,零軸上方,0.0027697113069571296,0.004201680672268893,0.0,0.0546218487394958,0.034782608695652195,False,False,一般技術訊號出場,成交訊號紀錄,
2303,聯電,三指標多數決修改版,失敗交易,2026-06-01 09:05:00,2026-06-01 13:05:00,09:00～10:00,148.5,146.0,-2714.9430625,-0.02113577441077441,-2162.5,552.4430625,48,0.030303030303030276,0.047138047138047146,-0.026936026936026924,2026-06-01 10:20:00,15,1.5555555555555571,0.047138047138047146,6055.000000000001,technical_exit,True,2.0841438682173754,0.06827067669172937,0.013308270676691731,零軸上方,0.001981316949166127,-0.0033670033670033517,-0.02020202020202022,0.05405405405405406,0.034965034965035,False,True,有明顯浮盈但吐回大部分獲利｜一般技術訊號出場｜進場後短時間內立刻反向｜進場太晚，可能接近短期高點,最高浮盈至少1%且吐回至少50%；成交訊號紀錄；前三根完成K棒跌幅至少0.5%且未出現0.6%浮盈,進場前12棒漲幅≥1.5%且收盤距前高≤0.3%
2303,聯電,三指標多數決修改版,失敗交易,2026-06-15 10:00:00,2026-06-16 10:35:00,10:00～11:30,140.5,141.0,-290.42719999999997,-0.0023070284697508893,448.0,738.4272000000001,62,0.021352313167259718,0.028469750889679624,-0.007117437722419906,2026-06-16 09:35:00,50,0.8333333333333282,0.017793594306049654,2239.999999999979,technical_exit,True,0.8621018500858287,0.10385465259022841,0.012063180292986303,零軸上方,0.002313566388695179,0.007117437722419906,0.007117437722419906,0.02491103202846975,0.0035714285714285587,False,False,有明顯浮盈但吐回大部分獲利｜一般技術訊號出場｜價差為正但被成本轉成淨虧損,最高浮盈至少1%且吐回至少50%；成交訊號紀錄；毛損益正且淨損益非正,
2303,聯電,三指標多數決修改版,成功交易,2026-06-18 11:25:00,2026-06-24 12:20:00,10:00～11:30,141.0,173.0,27650.893050000002,0.22009609929078017,28512.0,861.10695,176,0.3049645390070923,0.3156028368794326,-0.007092198581560294,2026-06-24 09:50:00,146,0.255813953488372,0.07801418439716312,9801.0,technical_exit,True,2.8193384223918576,0.012324997008495986,0.007598420485820298,零軸上方,0.0005947558440969416,0.0035460992907800915,-0.0035460992907800915,0.02127659574468085,0.018050541516245522,False,False,一般技術訊號出場,成交訊號紀錄,
2303,聯電,三指標多數決修改版,失敗交易,2026-06-25 09:05:00,2026-06-25 09:50:00,09:00～10:00,180.5,175.0,-5272.302587499999,-0.0347317867036011,-4625.5,646.8025875000001,9,-0.013850415512465353,0.008310249307479145,-0.04155124653739617,2026-06-25 09:20:00,3,0.0,0.016620498614958512,2523.0000000000095,stop_loss,True,5.844208629932331,0.1297642423375509,0.023198658014850274,零軸上方,0.0017358353848572837,-0.0166204986149584,-0.0166204986149584,0.055248618784530384,0.019718309859154903,False,False,進場後幾乎沒有有效浮盈｜固定停損出場｜進場後短時間內立刻反向,最高完成收盤浮盈低於0.6%；成交訊號紀錄；前三根完成K棒跌幅至少0.5%且未出現0.6%浮盈,
2330,台積電,三指標多數決修改版,成功交易,2026-02-09 09:05:00,2026-02-23 12:10:00,09:00～10:00,1825.0,1915.0,4025.2005,0.04324684931506849,4590.0,564.7995000000001,202,0.0602739726027397,0.0602739726027397,-0.005479452054794498,2026-02-23 09:40:00,172,0.18181818181818116,0.010958904109588996,1019.9999999999958,technical_exit,True,7.778019586507073,0.029523798361482,0.0015939803799767509,零軸上方,0.002099278293623974,0.00273972602739736,0.0,0.03825136612021858,0.03389830508474567,False,True,一般技術訊號出場｜進場太晚，可能接近短期高點,成交訊號紀錄,進場前12棒漲幅≥1.5%且收盤距前高≤0.3%
2330,台積電,三指標多數決修改版,失敗交易,2026-02-25 10:10:00,2026-02-26 09:15:00,10:00～11:30,2005.0,1995.0,-1062.565,-0.010815461346633417,-490.0,572.565,44,0.009975062344139696,0.009975062344139696,-0.004987531172069848,2026-02-25 10:50:00,8,1.5,0.014962593516209544,1470.0000000000066,technical_exit,True,3.2500659688626965,0.04635991997912492,0.008208663129512087,零軸上方,0.00017124805749453014,0.0024937655860348684,0.0024937655860348684,0.004987531172069825,0.005012531328320913,False,False,一般技術訊號出場,成交訊號紀錄,
2330,台積電,三指標多數決修改版,低品質小利,2026-04-10 09:05:00,2026-04-13 11:15:00,09:00～10:00,1975.0,1990.0,165.6138749999999,0.0017113291139240496,735.0,569.386125,81,0.012658227848101333,0.012658227848101333,-0.0025316455696202667,2026-04-10 13:30:00,52,0.4,0.005063291139240533,490.0000000000026,technical_exit,True,3.0354625923211365,0.04827830240838615,0.005285622664042366,零軸上方,0.0013197954441136206,0.0,0.0,0.02278481012658228,0.018041237113401998,False,True,一般技術訊號出場｜進場太晚，可能接近短期高點,成交訊號紀錄,進場前12棒漲幅≥1.5%且收盤距前高≤0.3%
2330,台積電,三指標多數決修改版,成功交易,2026-04-14 10:05:00,2026-04-15 14:30:00,10:00～11:30,2020.0,2080.0,2300.04,0.023721534653465347,2880.0,579.96,96,0.03960396039603964,0.03960396039603964,-0.0024752475247524774,2026-04-15 09:55:00,53,0.25,0.00990099009900991,960.0000000000009,technical_exit,True,0.5431861804222649,0.029288436428487996,0.00787677413190939,零軸上方,0.0001302915812706007,0.0024752475247524774,0.0024752475247524774,0.007425742574257425,0.0,False,False,一般技術訊號出場,成交訊號紀錄,
2330,台積電,三指標多數決修改版,成功交易,2026-04-24 09:30:00,2026-04-28 09:10:00,09:00～10:00,2130.0,2245.0,4693.40875,0.047901701877934265,5290.0,596.59125,106,0.0938967136150235,0.0938967136150235,-0.0023474178403756207,2026-04-27 09:20:00,53,0.4250000000000001,0.039906103286385,3910.000000000002,technical_exit,True,1.924332629153063,0.03214343401712161,0.0026247779034081,零軸上方,0.0016053965755646184,0.0023474178403755097,0.0,0.023474178403755867,0.01670644391408116,False,True,一般技術訊號出場｜進場太晚，可能接近短期高點,成交訊號紀錄,進場前12棒漲幅≥1.5%且收盤距前高≤0.3%
2330,台積電,三指標多數決修改版,失敗交易,2026-05-07 09:40:00,2026-05-08 09:05:00,09:00～10:00,2325.0,2305.0,-1474.561,-0.014414086021505375,-880.0,594.561,48,0.0021505376344086446,0.0021505376344086446,-0.012903225806451646,2026-05-07 09:45:00,1,4.999999999999897,0.010752688172043001,1099.999999999999,technical_exit,True,1.2899906454630496,0.038506634903500814,0.0036291898531573955,零軸上方,0.002010668434583907,0.0021505376344086446,0.0021505376344086446,0.04086021505376344,0.026490066225165476,False,False,進場後幾乎沒有有效浮盈｜一般技術訊號出場,最高完成收盤浮盈低於0.6%；成交訊號紀錄,
2330,台積電,三指標多數決修改版,失敗交易,2026-05-26 09:05:00,2026-05-26 10:55:00,09:00～10:00,2315.0,2290.0,-1539.8735000000001,-0.015117548596112312,-1100.0,439.87350000000004,22,-0.004319654427645814,0.0,-0.01295896328293733,2026-05-26 09:05:00,0,0.0,0.00647948164146861,659.9999999999926,technical_exit,True,4.003568821477816,0.03251224203454717,0.0037632060657306664,零軸上方,0.0005485045616969878,-0.004319654427645814,-0.004319654427645814,0.01511879049676026,0.006521739130434856,False,False,進場後幾乎沒有有效浮盈｜一般技術訊號出場,最高完成收盤浮盈低於0.6%；成交訊號紀錄,
2330,台積電,三指標多數決修改版,失敗交易,2026-05-27 10:35:00,2026-05-27 12:25:00,10:00～11:30,2325.0,2300.0,-1506.7468749999998,-0.015071236559139783,-1075.0,431.74687500000005,22,0.0,0.0021505376344086446,-0.01505376344086018,2026-05-27 10:35:00,0,0.0,0.010752688172043001,1074.999999999999,technical_exit,True,2.510543998856244,0.0239659412045361,0.0049179726208391245,零軸上方,0.0002531561676508516,0.0,0.0,0.008602150537634409,0.006493506493506551,False,False,進場後幾乎沒有有效浮盈｜一般技術訊號出場,最高完成收盤浮盈低於0.6%；成交訊號紀錄,
2330,台積電,三指標多數決修改版,失敗交易,2026-05-28 09:55:00,2026-05-28 11:35:00,09:00～10:00,2350.0,2295.0,-2732.5882500000002,-0.027685797872340427,-2310.0,422.58825,20,0.0021276595744681437,0.0021276595744681437,-0.03191489361702127,2026-05-28 09:55:00,0,11.999999999999687,0.025531914893617058,2520.0000000000036,technical_exit,True,0.6653102746693794,0.027959027448693163,0.0032807203003681696,零軸上方,0.0006899652128601647,0.0021276595744681437,-0.004255319148936176,0.02553191489361702,0.021739130434782705,False,False,進場後幾乎沒有有效浮盈｜一般技術訊號出場,最高完成收盤浮盈低於0.6%；成交訊號紀錄,
2330,台積電,三指標多數決修改版,失敗交易,2026-06-01 10:05:00,2026-06-01 14:30:00,10:00～11:30,2375.0,2355.0,-1241.18275,-0.012746421052631579,-820.0,421.18275000000006,41,0.01473684210526316,0.01684210526315799,-0.008421052631578996,2026-06-01 10:25:00,4,1.5714285714285747,0.023157894736842155,2255.000000000005,technical_exit,True,0.15326153797638006,0.023027083295942052,0.0031049769370208864,零軸上方,0.00041125717074899914,-0.002105263157894721,-0.002105263157894721,0.010526315789473684,0.00849256900212314,False,False,有明顯浮盈但吐回大部分獲利｜一般技術訊號出場,最高浮盈至少1%且吐回至少50%；成交訊號紀錄,
2330,台積電,三指標多數決修改版,失敗交易,2026-06-02 12:10:00,2026-06-04 09:05:00,11:30～12:30,2390.0,2395.0,-360.1450000000001,-0.0037672071129707125,200.0,560.145,73,0.01882845188284521,0.02092050209205021,-0.004184100418409997,2026-06-03 09:00:00,17,0.8888888888888902,0.01673640167364021,1600.0000000000043,technical_exit,True,2.8737541528239205,0.017508381672077133,0.0032018874283788984,零軸上方,0.0005471766385652663,-0.0020920502092049986,-0.004184100418409997,0.014644351464435146,0.004201680672268893,False,False,有明顯浮盈但吐回大部分獲利｜一般技術訊號出場｜價差為正但被成本轉成淨虧損,最高浮盈至少1%且吐回至少50%；成交訊號紀錄；毛損益正且淨損益非正,
2881,富邦金,三指標多數決修改版,成功交易,2026-04-28 10:25:00,2026-04-30 12:35:00,10:00～11:30,88.8,90.7,1372.1125000000002,0.015451717342342344,1900.0,527.8875,136,0.032657657657657824,0.03378378378378377,-0.0022522522522522292,2026-04-30 09:55:00,104,0.3448275862068947,0.011261261261261257,999.9999999999997,technical_exit,True,0.56907299416851,0.005923583413966371,0.0009345573832394428,零軸上方,0.0003654547687655592,0.0011261261261261701,0.0,0.007882882882882915,0.004524886877828038,True,False,一般技術訊號出場｜盤整行情造成的假訊號,成交訊號紀錄,進場前12棒區間≤1.5%且趨勢斜率絕對值≤0.2%
2881,富邦金,三指標多數決修改版,失敗交易,2026-05-06 09:05:00,2026-05-06 13:15:00,09:00～10:00,92.8,93.2,-4.850000000000023,-5.2262931034483005e-05,400.0,404.85,50,0.0118534482758621,0.012931034482758674,0.0,2026-05-06 09:05:00,0,0.6363636363636296,0.007543103448275801,699.9999999999943,technical_exit,True,1.6557201771803878,0.018849818356295733,0.0033312769895127337,零軸上方,0.000828409586105191,0.0118534482758621,0.005387931034482651,0.016146393972012917,0.009782608695652284,False,False,有明顯浮盈但吐回大部分獲利｜一般技術訊號出場｜價差為正但被成本轉成淨虧損,最高浮盈至少1%且吐回至少50%；成交訊號紀錄；毛損益正且淨損益非正,
2881,富邦金,三指標多數決修改版,成功交易,2026-05-07 11:40:00,2026-05-11 09:45:00,11:30～12:30,94.4,95.7,742.0075,0.007860248940677966,1300.0,557.9925000000001,87,0.026483050847457612,0.026483050847457612,-0.00423728813559332,2026-05-08 12:50:00,69,0.479999999999999,0.012711864406779627,1199.9999999999968,technical_exit,True,4.549469964664311,0.02331085506257935,0.0028997420945895422,零軸上方,0.0006116003108364377,0.0010593220338981357,0.0010593220338981357,0.01271186440677954,0.007470651013874008,False,False,一般技術訊號出場,成交訊號紀錄,
2881,富邦金,三指標多數決修改版,成功交易,2026-05-27 09:10:00,2026-05-28 12:10:00,09:00～10:00,106.0,107.5,797.2886625,0.008238325471698112,1369.5,572.2113375,91,0.04716981132075482,0.05660377358490565,-0.004716981132075526,2026-05-28 09:00:00,53,0.7000000000000018,0.03301886792452846,3195.5000000000155,technical_exit,True,1.9516336506303062,0.0931544639289108,0.006789245491382366,零軸上方,0.0019648013857277873,0.009433962264151052,0.009433962264151052,0.04245283018867924,0.029126213592232997,False,True,有明顯浮盈但吐回大部分獲利｜一般技術訊號出場｜進場太晚，可能接近短期高點,最高浮盈至少1%且吐回至少50%；成交訊號紀錄,進場前12棒漲幅≥1.5%且收盤距前高≤0.3%
2881,富邦金,三指標多數決修改版,失敗交易,2026-06-02 09:35:00,2026-06-03 11:55:00,09:00～10:00,111.5,111.5,-570.740625,-0.00585,0.0,570.740625,83,0.03139013452914807,0.04035874439461873,-0.022421524663677084,2026-06-03 09:55:00,59,1.0,0.03139013452914807,3062.500000000009,technical_exit,True,0.5217947771296364,0.03219860607107883,0.008044851487049405,零軸上方,0.0007956232498795618,0.0,0.0,0.026785714285714284,0.013574660633484115,False,False,有明顯浮盈但吐回大部分獲利｜一般技術訊號出場,最高浮盈至少1%且吐回至少50%；成交訊號紀錄,
2881,富邦金,三指標多數決修改版,失敗交易,2026-06-05 10:45:00,2026-06-08 09:05:00,10:00～11:30,117.0,113.5,-3456.0699125,-0.03563215811965812,-2901.5,554.5699125,35,0.017094017094017033,0.017094017094017033,-0.042735042735042694,2026-06-05 12:15:00,18,2.7500000000000067,0.04700854700854695,4559.4999999999945,technical_exit,True,1.6586903890546705,0.04623868251425156,0.004694660754871693,零軸上方,0.001766201072287759,0.0,0.0,0.029914529914529916,0.017391304347825987,False,True,有明顯浮盈但吐回大部分獲利｜一般技術訊號出場｜進場太晚，可能接近短期高點,最高浮盈至少1%且吐回至少50%；成交訊號紀錄,進場前12棒漲幅≥1.5%且收盤距前高≤0.3%
2881,富邦金,三指標多數決修改版,失敗交易,2026-06-11 12:00:00,2026-06-12 09:25:00,11:30～12:30,126.5,124.5,-2023.8006750000002,-0.0215903162055336,-1482.0,541.800675,24,0.015810276679841806,0.01976284584980248,-0.01976284584980237,2026-06-12 09:00:00,19,2.000000000000007,0.03162055335968372,2963.9999999999936,technical_exit,True,1.485025895068678,0.04549054719515122,0.009177313268363227,零軸上方,0.0012448676144638082,0.0,-0.0039525691699604515,0.019762845849802372,0.016064257028112428,False,True,有明顯浮盈但吐回大部分獲利｜一般技術訊號出場｜進場太晚，可能接近短期高點,最高浮盈至少1%且吐回至少50%；成交訊號紀錄,進場前12棒漲幅≥1.5%且收盤距前高≤0.3%
2881,富邦金,三指標多數決修改版,成功交易,2026-06-16 09:05:00,2026-06-17 13:30:00,09:00～10:00,128.0,135.5,4816.8149625,0.052484472656249996,5377.5,560.6850375,107,0.0859375,0.0859375,-0.00390625,2026-06-17 09:35:00,61,0.3181818181818182,0.02734375,2509.5,technical_exit,True,2.2766289504486927,0.026394921483461342,0.0020547945205479,零軸上方,0.0014242783133437177,0.00390625,0.00390625,0.02734375,0.015873015873015817,False,False,一般技術訊號出場,成交訊號紀錄,
2881,富邦金,三指標多數決修改版,失敗交易,2026-06-18 09:30:00,2026-06-18 14:30:00,09:00～10:00,140.5,138.0,-2129.249675,-0.022091548042704627,-1715.0,414.249675,48,0.0,0.003558718861210064,-0.017793594306049876,2026-06-18 09:30:00,0,0.0,0.017793594306049876,1715.0000000000052,technical_exit,True,1.3663089127391508,0.09052100514213635,0.008392354710391084,零軸上方,0.0033441258085454067,0.0,-0.003558718861209953,0.042704626334519574,0.03690036900368998,False,True,進場後幾乎沒有有效浮盈｜一般技術訊號出場｜進場太晚，可能接近短期高點,最高完成收盤浮盈低於0.6%；成交訊號紀錄,進場前12棒漲幅≥1.5%且收盤距前高≤0.3%
2881,富邦金,三指標多數決修改版,失敗交易,2026-06-22 11:15:00,2026-06-22 14:30:00,10:00～11:30,140.5,138.5,-1750.7784,-0.0185432384341637,-1344.0,406.7784,27,0.0,0.003558718861210064,-0.014234875444839812,2026-06-22 11:15:00,0,0.0,0.014234875444839812,1343.9999999999957,technical_exit,True,4.54501530037043,0.05033640667829542,0.012225890854722293,零軸上方,0.0006094933585910466,0.0,-0.003558718861209953,0.017793594306049824,0.007168458781362075,False,False,進場後幾乎沒有有效浮盈｜一般技術訊號出場,最高完成收盤浮盈低於0.6%；成交訊號紀錄,
2882,國泰金,三指標多數決修改版,成功交易,2026-02-11 11:50:00,2026-02-23 13:15:00,11:30～12:30,78.7,79.8,634.7375,0.008065279542566708,1100.0,465.26250000000005,72,0.030495552731893083,0.03684879288437082,0.0,2026-02-23 09:45:00,30,0.5416666666666645,0.016518424396442022,1299.9999999999873,technical_exit,True,1.556,0.02600270172031216,0.0032116835840653142,零軸上方,0.00015528548180309686,0.003811944091486552,0.0025412960609911828,0.007614213197969471,0.003821656050955413,False,False,有明顯浮盈但吐回大部分獲利｜一般技術訊號出場,最高浮盈至少1%且吐回至少50%；成交訊號紀錄,
2882,國泰金,三指標多數決修改版,失敗交易,2026-02-26 10:20:00,2026-03-02 09:25:00,10:00～11:30,79.5,78.8,-1161.9775,-0.014616069182389937,-700.0,461.9775,44,0.005031446540880502,0.008805031446540879,-0.012578616352201255,2026-02-26 13:20:00,36,2.75,0.01383647798742138,1099.9999999999995,technical_exit,True,0.24261885648024265,0.009390292289379598,0.0005501917735751452,零軸上方,0.0005795626568518464,0.002515723270440251,0.0012578616352201255,0.0163522012578616,0.010165184243964287,False,False,進場後幾乎沒有有效浮盈｜一般技術訊號出場,最高完成收盤浮盈低於0.6%；成交訊號紀錄,
2882,國泰金,三指標多數決修改版,失敗交易,2026-04-17 12:30:00,2026-04-21 09:40:00,11:30～12:30,73.9,74.1,-233.20000000000002,-0.003155615696887686,200.0,433.20000000000005,76,0.017591339648173276,0.020297699594046037,-0.005412719891745632,2026-04-20 12:00:00,49,0.8461538461538617,0.014884979702300738,1100.0000000000246,technical_exit,True,1.725028702640643,0.013330282052748998,0.001876537559356797,零軸上方,0.00056206641413484,0.0013531799729362692,0.0013531799729362692,0.009485094850948549,0.005449591280653809,True,False,有明顯浮盈但吐回大部分獲利｜一般技術訊號出場｜價差為正但被成本轉成淨虧損｜盤整行情造成的假訊號,最高浮盈至少1%且吐回至少50%；成交訊號紀錄；毛損益正且淨損益非正,進場前12棒區間≤1.5%且趨勢斜率絕對值≤0.2%
2882,國泰金,三指標多數決修改版,失敗交易,2026-04-22 09:10:00,2026-04-23 09:15:00,09:00～10:00,75.7,75.3,-841.0749999999999,-0.011110634081902245,-400.0,441.07500000000005,56,0.003963011889035695,0.003963011889035695,-0.009247027741083214,2026-04-22 13:20:00,50,2.333333333333343,0.009247027741083325,700.0000000000077,technical_exit,True,0.5202776762879064,0.02274643849016722,0.003631784296749341,零軸上方,0.0005326479691699408,-0.0013210039630120463,-0.0013210039630120463,0.010554089709762496,0.007978723404255206,False,False,進場後幾乎沒有有效浮盈｜一般技術訊號出場,最高完成收盤浮盈低於0.6%；成交訊號紀錄,
2882,國泰金,三指標多數決修改版,低品質小利,2026-05-07 11:20:00,2026-05-08 13:15:00,10:00～11:30,78.9,79.7,334.895,0.004244550063371356,800.0,465.105,78,0.02281368821292773,0.024081115335867986,-0.0012674271229405898,2026-05-08 09:55:00,38,0.5555555555555577,0.012674271229404344,1000.0000000000028,technical_exit,True,0.5641193834043949,0.013194645092940549,5.350626558346871e-05,零軸上方,0.00024811863866646604,0.0012674271229402567,0.0012674271229402567,0.007604562737642513,0.003816793893129944,True,False,有明顯浮盈但吐回大部分獲利｜一般技術訊號出場｜盤整行情造成的假訊號,最高浮盈至少1%且吐回至少50%；成交訊號紀錄,進場前12棒區間≤1.5%且趨勢斜率絕對值≤0.2%
2882,國泰金,三指標多數決修改版,失敗交易,2026-05-22 11:50:00,2026-05-25 09:15:00,11:30～12:30,79.4,78.7,-1161.3925,-0.014627109571788413,-700.0,461.39250000000004,24,0.0037783375314861534,0.007556675062972307,-0.008816120906801062,2026-05-22 13:15:00,17,3.3333333333333433,0.012594458438287215,1000.0000000000049,technical_exit,True,1.1555096507649603,0.01766513056835639,0.0017227769243897163,零軸上方,0.0011173632338165416,0.0,-0.0025188916876575096,0.011320754716981204,0.010165184243964287,True,False,進場後幾乎沒有有效浮盈｜一般技術訊號出場｜盤整行情造成的假訊號,最高完成收盤浮盈低於0.6%；成交訊號紀錄,進場前12棒區間≤1.5%且趨勢斜率絕對值≤0.2%
2882,國泰金,三指標多數決修改版,成功交易,2026-05-26 09:25:00,2026-05-28 11:40:00,09:00～10:00,81.8,83.9,1612.1775,0.01970877139364303,2100.0,487.8225,137,0.05256723716381417,0.05623471882640607,-0.009779951100244433,2026-05-28 09:00:00,105,0.5116279069767413,0.026894865525672218,2199.9999999999873,technical_exit,True,1.0592471358428805,0.03805459938770017,0.0026649323456162657,零軸上方,0.0013375720498820494,0.004889975550122383,-0.0024449877750611915,0.02567237163814174,0.02122347066167296,False,True,有明顯浮盈但吐回大部分獲利｜一般技術訊號出場｜進場太晚，可能接近短期高點,最高浮盈至少1%且吐回至少50%；成交訊號紀錄,進場前12棒漲幅≥1.5%且收盤距前高≤0.3%
2882,國泰金,三指標多數決修改版,失敗交易,2026-06-01 09:05:00,2026-06-02 10:10:00,09:00～10:00,86.8,86.6,-706.895,-0.008143951612903226,-200.0,506.895,68,0.02764976958525356,0.02995391705069128,-0.017281105990783363,2026-06-01 12:05:00,36,1.0833333333333346,0.029953917050691392,2600.000000000013,technical_exit,True,1.0660464025331795,0.039240600941774506,0.006283479084136894,零軸上方,0.0017307278617452488,-0.0023041474654378336,-0.0023041474654378336,0.027617951668584644,0.017564402810304358,False,False,有明顯浮盈但吐回大部分獲利｜一般技術訊號出場,最高浮盈至少1%且吐回至少50%；成交訊號紀錄,
2882,國泰金,三指標多數決修改版,成功交易,2026-06-03 09:05:00,2026-06-08 09:25:00,09:00～10:00,90.4,95.3,4349.477500000001,0.048113689159292046,4900.0,550.5225,169,0.10619469026548667,0.10619469026548667,-0.013274336283185861,2026-06-05 13:30:00,162,0.4895833333333341,0.05199115044247793,4700.0000000000055,technical_exit,True,2.130208925795321,0.04997241499462812,0.00437972453710423,零軸上方,0.0022806691547325978,-0.0033185840707965486,-0.0033185840707965486,0.03207964601769918,0.029612756264236983,False,True,一般技術訊號出場｜進場太晚，可能接近短期高點,成交訊號紀錄,進場前12棒漲幅≥1.5%且收盤距前高≤0.3%
2882,國泰金,三指標多數決修改版,失敗交易,2026-06-12 09:45:00,2026-06-12 10:20:00,09:00～10:00,103.0,100.5,-2784.8784125,-0.028550849514563107,-2367.5,417.3784125000001,7,-0.004854368932038833,0.0,-0.029126213592232997,2026-06-12 09:45:00,0,0.0,0.01941747572815533,1893.999999999999,technical_exit,True,0.8199871877001922,0.034063005893991694,0.002342537553805169,零軸上方,0.0006739607714285094,-0.004854368932038833,-0.014563106796116498,0.05728155339805831,0.030000000000000027,False,False,進場後幾乎沒有有效浮盈｜一般技術訊號出場｜進場後短時間內立刻反向,最高完成收盤浮盈低於0.6%；成交訊號紀錄；前三根完成K棒跌幅至少0.5%且未出現0.6%浮盈,
2882,國泰金,三指標多數決修改版,成功交易,2026-06-16 09:05:00,2026-06-17 13:15:00,09:00～10:00,105.0,112.5,6187.863937499999,0.06526249999999999,6772.5,584.6360625,105,0.10952380952380958,0.11428571428571432,-0.00952380952380949,2026-06-17 09:35:00,61,0.34782608695652234,0.03809523809523818,3612.000000000008,technical_exit,True,1.156988778734067,0.033973412112259904,0.0012104053832266723,零軸上方,0.0012473769471506504,0.004761904761904745,0.004761904761904745,0.01904761904761905,0.01449275362318847,False,False,一般技術訊號出場,成交訊號紀錄,
2882,國泰金,三指標多數決修改版,失敗交易,2026-06-23 10:45:00,2026-06-23 12:25:00,10:00～11:30,116.0,114.5,-1736.18445,-0.01724321120689655,-1302.0,434.18445,20,0.004310344827586299,0.004310344827586299,-0.017241379310344862,2026-06-23 10:50:00,1,3.9999999999999485,0.017241379310344973,1736.0000000000146,technical_exit,True,1.2331917905166312,0.0266622413983848,0.009624958513109782,零軸上方,0.0008627946588925636,0.004310344827586299,0.004310344827586299,0.017241379310344827,0.013100436681222627,False,False,進場後幾乎沒有有效浮盈｜一般技術訊號出場,最高完成收盤浮盈低於0.6%；成交訊號紀錄,
2412,中華電,三指標多數決修改版,成功交易,2026-06-01 09:20:00,2026-06-03 12:15:00,09:00～10:00,139.5,142.0,1137.5465,0.0119918458781362,1700.0,562.4535000000001,145,0.02508960573476693,0.02508960573476693,-0.0035842293906810374,2026-06-03 10:05:00,119,0.28571428571428065,0.007168458781361853,679.9999999999853,technical_exit,True,0.9782460602207185,0.01485298575325844,0.0007274931797516052,零軸上方,0.0009982961697575683,0.007168458781362075,0.007168458781362075,0.017921146953405017,0.014545454545454639,False,False,一般技術訊號出場,成交訊號紀錄,
2412,中華電,三指標多數決修改版,低品質小利,2026-06-10 09:50:00,2026-06-12 12:50:00,09:00～10:00,143.5,144.5,104.27479999999991,0.0010878048780487797,668.0,563.7252000000001,145,0.013937282229965264,0.013937282229965264,-0.006968641114982632,2026-06-12 09:35:00,106,0.500000000000008,0.006968641114982743,668.0000000000157,technical_exit,True,0.733026236731424,0.0164989227000385,0.0003246657418611262,零軸上方,0.0003919840984047803,-0.0034843205574912606,-0.0034843205574912606,0.013937282229965157,0.010563380281690238,True,False,有明顯浮盈但吐回大部分獲利｜一般技術訊號出場｜盤整行情造成的假訊號,最高浮盈至少1%且吐回至少50%；成交訊號紀錄,進場前12棒區間≤1.5%且趨勢斜率絕對值≤0.2%
2002,中鋼,三指標多數決修改版,失敗交易,2026-02-25 10:00:00,2026-02-26 09:15:00,10:00～11:30,20.95,20.75,-321.6725,-0.015354295942720765,-200.0,121.6725,46,0.014319809069212486,0.014319809069212486,-0.011933174224343701,2026-02-25 13:30:00,41,1.6666666666666614,0.023866348448687402,500.00000000000114,technical_exit,True,2.8071938830455543,0.019912578921806645,0.001578436134045598,零軸上方,0.0011127807170620292,0.0,-0.004773269689737347,0.023809523809523808,0.016949152542373058,False,True,有明顯浮盈但吐回大部分獲利｜一般技術訊號出場｜進場太晚，可能接近短期高點,最高浮盈至少1%且吐回至少50%；成交訊號紀錄,進場前12棒漲幅≥1.5%且收盤距前高≤0.3%
2002,中鋼,三指標多數決修改版,失敗交易,2026-04-10 09:05:00,2026-04-10 11:05:00,09:00～10:00,20.35,20.05,-387.645,-0.019048894348894348,-300.0,87.64500000000001,24,0.0073710073710073765,0.009828009828009687,-0.017199017199017286,2026-04-10 09:25:00,4,3.0,0.02211302211302213,450.00000000000034,technical_exit,True,2.108285177960175,0.029814307908559767,0.004142931123769904,零軸上方,0.0005599335795502637,0.004914004914004844,0.002457002457002311,0.014778325123152568,0.007444168734491496,False,False,一般技術訊號出場,成交訊號紀錄,
2002,中鋼,三指標多數決修改版,失敗交易,2026-04-14 09:30:00,2026-04-15 09:25:00,09:00～10:00,20.4,20.2,-318.45500000000004,-0.015610539215686276,-200.0,118.45500000000001,54,0.004901960784313708,0.007352941176470784,-0.01225490196078427,2026-04-14 11:00:00,18,3.0,0.014705882352941124,299.9999999999989,technical_exit,True,3.081274188746651,0.019766303555435183,0.0032804982191579676,零軸上方,0.0010147453940841566,-0.002450980392156743,-0.002450980392156743,0.017156862745097937,0.00990099009900991,False,False,進場後幾乎沒有有效浮盈｜一般技術訊號出場,最高完成收盤浮盈低於0.6%；成交訊號紀錄,
2002,中鋼,三指標多數決修改版,失敗交易,2026-06-22 09:05:00,2026-06-23 09:25:00,09:00～10:00,19.7,19.35,-463.69625,-0.0235378807106599,-350.0,113.69625,59,0.002538071065989911,0.012690355329949332,-0.02030456852791873,2026-06-22 09:05:00,0,7.9999999999997815,0.02030456852791873,399.99999999999903,technical_exit,True,1.3104126651852623,0.04468872562558701,0.00045296359719380013,零軸上方,0.0030265409130004685,0.002538071065989911,-0.01015228426395931,0.053299492385786656,0.042328042328042326,False,False,進場後幾乎沒有有效浮盈｜一般技術訊號出場｜進場後短時間內立刻反向,最高完成收盤浮盈低於0.6%；成交訊號紀錄；前三根完成K棒跌幅至少0.5%且未出現0.6%浮盈,
