策略,股票,股票名稱,原修改版報酬,延續確認版報酬,報酬差,原交易數,延續確認交易數,原淨損益,延續確認淨損益,原成本,延續確認成本,原無有效浮盈,確認版無有效浮盈,原立即反向,確認版立即反向,樣本判定,同期買進持有
MACD修改版,2303,聯電,0.33234249725000004,-0.093644587625,-0.42598708487500003,17,7,33234.249725,-9364.4587625,9496.750275,3036.9587625000004,3,2,3,2,足夠作本輪配對比較,1.1435176375
MACD修改版,2330,台積電,-0.0009375600000000031,0.0169306875,0.017868247500000004,15,1,-93.75600000000031,1693.06875,7503.756,556.93125,6,0,1,0,證據不足（少於5筆）,0.51369312375
MACD修改版,2881,富邦金,0.04530249235000005,-0.007449775049999885,-0.052752267399999934,10,6,4530.249235000005,-744.9775049999885,5224.350765000001,3146.177505,3,1,0,0,足夠作本輪配對比較,0.32133619215000003
MACD修改版,2882,國泰金,-0.020624945125000002,-0.015946844000000175,0.004678101124999827,16,3,-2062.4945125000004,-1594.6844000000174,6238.9945125,1389.8844,7,1,2,1,證據不足（少於5筆）,0.223575775
MACD修改版,2412,中華電,-0.10688570925,-0.0055460925,0.10133961675,21,1,-10688.570925,-554.60925,8714.570925,554.60925,18,0,0,0,證據不足（少於5筆）,0.06623448474999999
MACD修改版,2002,中鋼,-0.0113958375,-0.003216725,0.0081791125,7,1,-1139.58375,-321.6725,689.58375,121.6725,3,0,1,0,證據不足（少於5筆）,-0.0031026499999999998
三指標多數決修改版,2303,聯電,0.44799886075,0.548947657625,0.10094879687499997,14,12,44799.886075,54894.7657625,8772.113925,7349.734237500001,2,2,2,3,足夠作本輪配對比較,1.1435176375
三指標多數決修改版,2330,台積電,-0.07670852,0.012666007500000001,0.08937452750000001,22,11,-7670.852,1266.60075,10620.851999999999,5753.39925,11,4,2,0,足夠作本輪配對比較,0.51369312375
三指標多數決修改版,2881,富邦金,-0.00144853312499994,-0.022072656625,-0.02062412350000006,17,10,-144.853312499994,-2207.2656625,8006.9533125,5111.7656625,7,2,3,0,足夠作本輪配對比較,0.32133619215000003
三指標多數決修改版,2882,國泰金,0.041220246499999995,0.04493548575,0.003715239250000002,20,12,4122.024649999999,4493.548575,9154.97535,5709.451425,7,5,3,1,足夠作本輪配對比較,0.223575775
三指標多數決修改版,2412,中華電,-0.078848422125,0.012418212999999999,0.091266635125,17,2,-7884.8422125,1241.8212999999998,7796.3422125,1126.1787,11,0,0,0,證據不足（少於5筆）,0.06623448474999999
三指標多數決修改版,2002,中鋼,-0.015428112500000002,-0.0149146875,0.0005134250000000014,9,4,-1542.8112500000002,-1491.46875,892.81125,441.46875,3,2,0,1,證據不足（少於5筆）,-0.0031026499999999998
