industry,model,type,class,count,proportion
technology,random_forest,actual,SELL,600,0.3836317135549872
technology,random_forest,actual,HOLD,476,0.30434782608695654
technology,random_forest,actual,BUY,488,0.31202046035805625
technology,random_forest,predicted,SELL,717,0.4584398976982097
technology,random_forest,predicted,HOLD,424,0.2710997442455243
technology,random_forest,predicted,BUY,423,0.270460358056266
technology,xgboost,actual,SELL,600,0.3836317135549872
technology,xgboost,actual,HOLD,476,0.30434782608695654
technology,xgboost,actual,BUY,488,0.31202046035805625
technology,xgboost,predicted,SELL,786,0.5025575447570333
technology,xgboost,predicted,HOLD,421,0.26918158567774936
technology,xgboost,predicted,BUY,357,0.22826086956521738
technology,gru,actual,SELL,600,0.3836317135549872
technology,gru,actual,HOLD,476,0.30434782608695654
technology,gru,actual,BUY,488,0.31202046035805625
technology,gru,predicted,SELL,681,0.4354219948849105
technology,gru,predicted,HOLD,391,0.25
technology,gru,predicted,BUY,492,0.3145780051150895
financial,random_forest,actual,SELL,514,0.3294871794871795
financial,random_forest,actual,HOLD,701,0.4493589743589744
financial,random_forest,actual,BUY,345,0.22115384615384615
financial,random_forest,predicted,SELL,446,0.2858974358974359
financial,random_forest,predicted,HOLD,834,0.5346153846153846
financial,random_forest,predicted,BUY,280,0.1794871794871795
financial,xgboost,actual,SELL,514,0.3294871794871795
financial,xgboost,actual,HOLD,701,0.4493589743589744
financial,xgboost,actual,BUY,345,0.22115384615384615
financial,xgboost,predicted,SELL,449,0.2878205128205128
financial,xgboost,predicted,HOLD,881,0.5647435897435897
financial,xgboost,predicted,BUY,230,0.14743589743589744
financial,gru,actual,SELL,514,0.3294871794871795
financial,gru,actual,HOLD,701,0.4493589743589744
financial,gru,actual,BUY,345,0.22115384615384615
financial,gru,predicted,SELL,739,0.4737179487179487
financial,gru,predicted,HOLD,376,0.24102564102564103
financial,gru,predicted,BUY,445,0.28525641025641024
