industry,model,actual,predicted,count
technology,random_forest,SELL,SELL,260
technology,random_forest,SELL,HOLD,174
technology,random_forest,SELL,BUY,166
technology,random_forest,HOLD,SELL,218
technology,random_forest,HOLD,HOLD,137
technology,random_forest,HOLD,BUY,121
technology,random_forest,BUY,SELL,239
technology,random_forest,BUY,HOLD,113
technology,random_forest,BUY,BUY,136
technology,xgboost,SELL,SELL,288
technology,xgboost,SELL,HOLD,166
technology,xgboost,SELL,BUY,146
technology,xgboost,HOLD,SELL,240
technology,xgboost,HOLD,HOLD,139
technology,xgboost,HOLD,BUY,97
technology,xgboost,BUY,SELL,258
technology,xgboost,BUY,HOLD,116
technology,xgboost,BUY,BUY,114
technology,gru,SELL,SELL,247
technology,gru,SELL,HOLD,151
technology,gru,SELL,BUY,202
technology,gru,HOLD,SELL,216
technology,gru,HOLD,HOLD,106
technology,gru,HOLD,BUY,154
technology,gru,BUY,SELL,218
technology,gru,BUY,HOLD,134
technology,gru,BUY,BUY,136
financial,random_forest,SELL,SELL,155
financial,random_forest,SELL,HOLD,276
financial,random_forest,SELL,BUY,83
financial,random_forest,HOLD,SELL,190
financial,random_forest,HOLD,HOLD,386
financial,random_forest,HOLD,BUY,125
financial,random_forest,BUY,SELL,101
financial,random_forest,BUY,HOLD,172
financial,random_forest,BUY,BUY,72
financial,xgboost,SELL,SELL,153
financial,xgboost,SELL,HOLD,288
financial,xgboost,SELL,BUY,73
financial,xgboost,HOLD,SELL,207
financial,xgboost,HOLD,HOLD,398
financial,xgboost,HOLD,BUY,96
financial,xgboost,BUY,SELL,89
financial,xgboost,BUY,HOLD,195
financial,xgboost,BUY,BUY,61
financial,gru,SELL,SELL,235
financial,gru,SELL,HOLD,120
financial,gru,SELL,BUY,159
financial,gru,HOLD,SELL,351
financial,gru,HOLD,HOLD,174
financial,gru,HOLD,BUY,176
financial,gru,BUY,SELL,153
financial,gru,BUY,HOLD,82
financial,gru,BUY,BUY,110
