industry,stock_code,model,macro_f1_mean,macro_f1_worst_fold,macro_auc_mean,macro_auc_worst_fold,sell_auc_mean,hold_auc_mean,buy_auc_mean
technology,2303,random_forest,0.311916237747474,0.2178350670887984,0.5013443739896665,0.4436591915439087,0.4924943576751584,0.4836848379721291,0.5278539263217122
technology,2303,xgboost,0.3161696122515452,0.2621912894176082,0.5052047664713972,0.46277757267313063,0.49914033171276434,0.4857375521710008,0.5307364155304264
technology,2303,gru,0.2662612884335493,0.22398643516272412,0.4694878321298775,0.4141869720267393,0.48084849814289043,0.47389495014602256,0.45372004810071964
technology,2330,random_forest,0.3107342191065726,0.2583979328165375,0.5011162090001813,0.45243310042910245,0.4946129284793881,0.561201485296313,0.4475342132248431
technology,2330,xgboost,0.33714540993466613,0.2829852679294156,0.48617843929232524,0.4322876559204684,0.5013105954604402,0.5161599368064885,0.44106478561004714
technology,2330,gru,0.28378612624923827,0.2307032672223819,0.4861622250140714,0.4652290689671999,0.49474561540943535,0.47872073568194257,0.4850203239508364
technology,2379,random_forest,0.28651142147504693,0.22928056575547395,0.4485997179541146,0.35741166453810136,0.4229391981833842,0.4184422269739447,0.5044177287050149
technology,2379,xgboost,0.3105332122423702,0.22506012506012504,0.47595572161249605,0.45201362281822055,0.4667472137394618,0.4532468936121823,0.5078730574858441
technology,2379,gru,0.3126580463508584,0.2500748727163821,0.4597549895699398,0.38492975734355045,0.4755875420875421,0.4561350270990328,0.44754239952324454
technology,2454,random_forest,0.28869034804911503,0.25247747747747745,0.49861167253435756,0.4083523869238155,0.46616996030504565,0.48067063651048025,0.5489944207875468
technology,2454,xgboost,0.3052475511122128,0.25186042028147293,0.489353380514946,0.44932731099212786,0.45997633912833485,0.48100410657051285,0.5270796958459901
technology,2454,gru,0.3024669978389609,0.2744386177221998,0.4966623801156717,0.48740952979984914,0.4791400774558989,0.5180058609648454,0.4928412019262709
technology,3034,random_forest,0.31981276867410713,0.2995852995852996,0.5330552657249331,0.4840019636170996,0.5296297749322945,0.5315468353830821,0.5379891868594228
technology,3034,xgboost,0.2904354011586862,0.27154549831487723,0.5227233062479002,0.49795011090775637,0.47274252742918543,0.5760965146974271,0.519330876617088
technology,3034,gru,0.2708898386067854,0.21648672964462437,0.4922249082348834,0.4127094217549801,0.47395442155083045,0.5022085996929693,0.5005117034608506
financial,2881,random_forest,0.3327181985750729,0.28841354723707663,0.4844636347511792,0.44922031273324375,0.49244447847749734,0.46893810866998253,0.4920083171060578
financial,2881,xgboost,0.3105854259331978,0.2732897603485839,0.4887685133345778,0.4491235010200527,0.47758104631217835,0.45128100822188044,0.5374434854696748
financial,2881,gru,0.25992095696500606,0.21984126984126984,0.4718644056304089,0.432794571329054,0.41378259005145795,0.4892725998048567,0.512538027034912
financial,2882,random_forest,0.309409558122991,0.2396825396825397,0.5189806818898908,0.493893807533623,0.5167262377604795,0.5219580190849255,0.5182577888242673
financial,2882,xgboost,0.3260752360112452,0.3086691086691087,0.5420387828435859,0.504119644723093,0.5212897819077938,0.5490413838561987,0.555785182766765
financial,2882,gru,0.3722997874086037,0.31666666666666665,0.5275981851836405,0.4775661375661375,0.473284189847345,0.5310551528879416,0.5784552128156351
financial,2884,random_forest,0.3198972805308095,0.3005952380952381,0.4577561434093605,0.4355633927024047,0.45660713555450394,0.41718988702584614,0.49947140764773124
financial,2884,xgboost,0.3148101597046233,0.2858000858000858,0.5021538641667714,0.4370216453801696,0.48718693587114636,0.486372711502923,0.5329019451262447
financial,2884,gru,0.2841578031731009,0.26158547710271846,0.5079104426847677,0.39340051216422905,0.523110223110223,0.4743349541893486,0.5262861507547314
financial,2886,random_forest,0.34305773919588256,0.2865460030165912,0.5307015566557899,0.4959752373357585,0.5257108610942413,0.4752216418764916,0.5911721669966369
financial,2886,xgboost,0.34776204767793606,0.2804474955504703,0.5196177338563426,0.3917240295314799,0.4768619819302276,0.4737372488763938,0.6082539707624062
financial,2886,gru,0.36734597680369957,0.3579270970575319,0.5940514896181799,0.5577344289678844,0.5554776515766078,0.5639455729501106,0.6627312443278212
financial,2891,random_forest,0.3528184174789624,0.30238726790450926,0.5246381156464702,0.43353451974141627,0.5015257433326672,0.5638564498494587,0.5085321537572847
financial,2891,xgboost,0.34363948022162843,0.27289377289377287,0.5019304812177202,0.4486199354639539,0.4768245509499387,0.5383453103060611,0.4906215823971608
financial,2891,gru,0.310908313781454,0.2511764705882353,0.5324455426827591,0.4771918392008588,0.5016019445240847,0.5756621181005677,0.5200725654236247
