industry,model,stock_code,initial_equity,final_equity,net_profit,total_return,trade_count,win_rate,max_drawdown_closed_equity,profit_factor
technology,random_forest,2303,100000.0,83333.05881249995,-16666.94118750005,-0.1666694118750005,41,0.43902439024390244,-0.17007131187500057,0.48529732369046735
technology,random_forest,2330,100000.0,74450.16100424987,-25549.838995750135,-0.2554983899575014,62,0.46774193548387094,-0.27431779870750117,0.6024033170453819
technology,random_forest,2379,100000.0,88547.1057366248,-11452.894263375201,-0.11452894263375202,57,0.40350877192982454,-0.2805250288454585,0.8386863105775845
technology,random_forest,2454,100000.0,80114.09480274984,-19885.905197250162,-0.19885905197250164,66,0.4393939393939394,-0.3082265216510105,0.8238875668022037
technology,random_forest,3034,100000.0,89381.70841924984,-10618.291580750156,-0.10618291580750161,42,0.5238095238095238,-0.15371411622328734,0.7298828037997946
technology,xgboost,2303,100000.0,84585.63225,-15414.367750000005,-0.15414367750000002,39,0.4358974358974359,-0.16567647635676086,0.49027784146810366
technology,xgboost,2330,100000.0,81944.39207524994,-18055.60792475006,-0.1805560792475006,64,0.453125,-0.2530945075131591,0.7449650825527869
technology,xgboost,2379,100000.0,82227.15469287492,-17772.845307125084,-0.17772845307125085,33,0.42424242424242425,-0.28048363022940537,0.5775010743510799
technology,xgboost,2454,100000.0,95275.18676599985,-4724.813234000147,-0.04724813234000147,49,0.5102040816326531,-0.16212333937474965,0.9372046709394142
technology,xgboost,3034,100000.0,70802.88007637492,-29197.119923625083,-0.2919711992362508,38,0.3157894736842105,-0.2919711992362508,0.425668074515077
technology,gru,2303,100000.0,66615.94708749998,-33384.05291250002,-0.3338405291250002,54,0.2777777777777778,-0.3338405291250002,0.2507613837958253
technology,gru,2330,100000.0,86883.23554549986,-13116.764454500139,-0.1311676445450014,70,0.4,-0.21888401993012785,0.8390140344597594
technology,gru,2379,100000.0,73521.74440262491,-26478.255597375086,-0.2647825559737509,65,0.38461538461538464,-0.334559393229953,0.6368245878815826
technology,gru,2454,100000.0,80743.27755624984,-19256.722443750157,-0.19256722443750163,58,0.43103448275862066,-0.2829648187968342,0.7771668232601701
technology,gru,3034,100000.0,66495.79809824986,-33504.201901750144,-0.3350420190175014,52,0.4230769230769231,-0.35211742740905927,0.406792146486117
financial,random_forest,2881,100000.0,87336.12125274986,-12663.878747250143,-0.12663878747250146,44,0.4772727272727273,-0.16817288621403248,0.6369611888404256
financial,random_forest,2882,100000.0,88678.9908999999,-11321.009100000098,-0.11321009100000101,37,0.5405405405405406,-0.1267346847430516,0.5604169824229639
financial,random_forest,2884,100000.0,99375.24625000008,-624.7537499999162,-0.006247537499999178,33,0.48484848484848486,-0.01728590716517464,0.8662227257799101
financial,random_forest,2886,100000.0,91540.04763749996,-8459.952362500044,-0.08459952362500045,36,0.3333333333333333,-0.08844465776406174,0.44004770611913735
financial,random_forest,2891,100000.0,103262.26447500003,3262.2644750000327,0.03262264475000043,48,0.5,-0.05568011249859717,1.2888077749903941
financial,xgboost,2881,100000.0,95386.4731249999,-4613.526875000098,-0.04613526875000096,33,0.5151515151515151,-0.12574274493635218,0.7887592992112793
financial,xgboost,2882,100000.0,98378.56927499991,-1621.4307250000857,-0.016214307250000837,27,0.5555555555555556,-0.043599931604540565,0.8736973501750074
financial,xgboost,2884,100000.0,92500.50958749997,-7499.490412500032,-0.07499490412500032,32,0.4375,-0.07583671409831738,0.3416690162175743
financial,xgboost,2886,100000.0,100022.18504999996,22.18504999995639,0.0002218504999995652,38,0.4473684210526316,-0.053645646292607596,1.0021846414302686
financial,xgboost,2891,100000.0,101260.4578875,1260.4578875000007,0.012604578874999994,41,0.4878048780487805,-0.04094414089944576,1.1015821045817258
financial,gru,2881,100000.0,70765.80705459989,-29234.192945400107,-0.29234192945400106,54,0.37037037037037035,-0.2948127252923082,0.38868814158046205
financial,gru,2882,100000.0,93336.20862499991,-6663.791375000088,-0.06663791375000083,51,0.37254901960784315,-0.07498379971990987,0.7316819549876622
financial,gru,2884,100000.0,94513.245,-5486.755000000005,-0.0548675500000001,58,0.3448275862068966,-0.0625642146647225,0.5161589577420426
financial,gru,2886,100000.0,91292.09124999998,-8707.908750000017,-0.08707908750000015,49,0.4489795918367347,-0.10203909374911724,0.5607637434110542
financial,gru,2891,100000.0,87887.81633749988,-12112.183662500116,-0.1211218366250012,58,0.3448275862068966,-0.13116467262991327,0.4444431530165621
